model,price,shipping_cost,timestamp
Dell Latitude Rugged 7214 Touch Extreme i5-6300U 16GB 256GB Win 10 Pro Grade B,$197.10,Free shipping,2024-07-24 11:12:06.929406
Dell Inspiron 15 Touch Screen Laptop Intel Core i5 8GB 512GB SSD - Carb...,$629.99,Free shipping,2024-07-24 11:12:06.937800
Dell XPS 13 13.4FHD+ Laptop Intel Core Ultra 7 Evo Edition - 16GB ...,"$1,399.99",Free shipping,2024-07-24 11:12:06.943428
New ListingLot of 2 Dell Latitude 5490 i5-8350u@1.70GHz 8GB RAM 256GB SSD No HDD/OS CM680*,$149.99,+$14.65 shipping,2024-07-24 11:12:06.947561
Dell Latitude 3189 - 2-IN-1 Tablet Intel pentium N4200 8GB RAM 128GB SSD *****,$49.00,Free shipping,2024-07-24 11:12:06.951000
Lot of 23 Dell E6430/20 ATG i5 2.5- 2.6 2.7GHz 4-8GB 256-512 SSD 10P see details,"$1,200.00",Free shipping,2024-07-24 11:12:06.956041
Dell Latitude Rugged 5414 i5 6300U 2.4GHz 16GB RAM 500GB SSD Win10  ORANGE,$355.55,+$18.99 shipping,2024-07-24 11:12:06.957635
New ListingDell Laptop Windows 11 Latitude 5480 Intel Core i7-7th Gen SSD HD 8GB Webcam,$20.50,+$15.00 shipping,2024-07-24 11:12:06.959566
Dell Inspiron 142-in-1 Touch Laptop Intel Core 7 Processor 16GB Memor...,$999.99,Free shipping,2024-07-24 11:12:06.970859
Defective Dell Inspiron 14 5401 2 in 1 Laptop i5-1135G7 4GB 0HD No PSU AS-IS,$136.30,+$21.57 shipping,2024-07-24 11:12:06.987952
Dell Laptop Latitude 3190 TouchScreen 8GB RAM 128GB SSD Windows 10 Pro Active,$99.99,Free shipping,2024-07-24 11:12:06.999480
"Dell Latitude 7200 2-in-1 12.3""Core i5-8265U 8GB RAM 256GB SSD - No Touch Screen",$75.00,Free shipping,2024-07-24 11:12:07.001734
Dell Latitude 7390 (256GB) Intel Core i7  8th 1.90GB 16GB RAM Touchscreen X360,$190.00,+$18.25 shipping,2024-07-24 11:12:07.006350
Dell Latitude 3520 Intel Core i5-1135G7 2.4GHz 16GB RAM 256GB SSD Win 11 w/ AC,$211.48,Free shipping,2024-07-24 11:12:07.011299
Dell Latitude Business Class Laptop Quad Core i5 8th Gen 16GB 512GB SSD Grade A,$239.99,Free shipping,2024-07-24 11:12:07.016054
Dell Latitude 3190 2 in 1 Touch Laptop Pentium N5000 8GB RAM 128GB SSD Grade C,$49.95,Free shipping,2024-07-24 11:12:07.021036
Dell Latitude 7290 CORE I7-8650U 16GB 256 GB NO OS,$89.99,Free shipping,2024-07-24 11:12:07.026397
New ListingDELL LATITUDE 3400 Laptop CORE I5-8265u 1.6GHz 256GB SSD 16GB WiFi W11 Pro Cord,$91.00,+$15.99 shipping,2024-07-24 11:12:07.038290
New ListingDell Precision 3510 i7-6700 8GB 256gb 15.6 inch Display Windows 10 Pro,$95.00,+$22.92 shipping,2024-07-24 11:12:07.039971
Dell Latitude 3189 - 2-IN-1 Tablet Intel pentium N4200 8GB RAM 128GB SSD *******,$41.00,Free shipping,2024-07-24 11:12:07.041568
Mint Linux Dell 3180 11.6 Celeron N3060 1.6 GHz 4GB 32 GB eMMC Laptop HD - B,$49.99,Free shipping,2024-07-24 11:12:07.043160
"New ListingDell Latitude 7410 14"" Laptop 2n1 Intel i7-10610U CPU @ 1.80GHz 16GB 1TB SSD",$175.00,Free shipping,2024-07-24 11:12:07.049259
"Dell laptop Latitude 7480 14"" i7 2.60GHz 16GB NEW 512GB SSD Win 11 Pro WIFI Cam",$279.99,Free shipping,2024-07-24 11:12:07.050896
"15.6"" Dell E6520/30 Laptop Vintage Windows XP Pro 32 Bit i5 2.5ghz 4gb 250gb DVD",$99.99,+$19.75 shipping,2024-07-24 11:12:07.054062
"Dell Precision 3560 Laptop i7-1165G7 11TH Gen,8GB,512GB, NVIDIA T500.   #w9",$231.99,Free shipping,2024-07-24 11:12:07.064406
"Dell Inspiron 7786 i7-8565U 8GB 17.3"" power to bios Parts Or Repair",$179.99,Free shipping,2024-07-24 11:12:07.067827
Dell Latitude 3510 15.6 FHD 10th 1.7 GHz i5- 16GB RAM 256GB SSD Windows 11pro🔥,$199.00,Free shipping,2024-07-24 11:12:07.069467
"New ListingDell Latitude 7310 13.3"" |  i7-10610U 1.80GHz 32GB 512GB SSD |",$235.00,Free shipping,2024-07-24 11:12:07.073471
"New ListingDell Latitude 7480 14” (256GB SSD, Intel Core i7-7600U, 2.80 GHz, 16GB) Laptop -",$18.57,+$14.13 shipping,2024-07-24 11:12:07.076178
"Dell 14"" FHD 7490 16gb DDR4 NEW 512gb SSD Core i5 8th gen Win 11 pro Laptop WIFI",$229.99,Free shipping,2024-07-24 11:12:07.079694
New ListingLot of 2 Dell Inspiron 15 Intel(R)Core(TM) i5-6200u CPU@2.30GHZ 8gb No HDD,$139.00,+$27.79 shipping,2024-07-24 11:12:07.081280
Mint Linux Dell 3180 11.6 Celeron N3060 1.6 GHz 4GB 32 GB eMMC Laptop HD,$59.99,Free shipping,2024-07-24 11:12:07.084750
Dell Latitude 7390 CORE I7-8650U 16 GB 256 GB SSD NO OS NO BATTERY,$79.99,+$16.00 shipping,2024-07-24 11:12:07.092065
Ubuntu Linux Dell 3180 11.6 Celeron N3060 1.6 GHz 4GB 32 GB eMMC Laptop HD - B,$49.99,Free shipping,2024-07-24 11:12:07.093660
New ListingDell Latitude 7490  Intel Core i5-8350U 1.70Ghz 16GB 256gb B/T WiFi Win 11 Cord,$100.00,+$15.99 shipping,2024-07-24 11:12:07.095547
"Dell Inspiron 14 7440 14"" Touch Intel® Core™ 7 150U 512 GB SSD 16 GB DDR5",$949.99,Free shipping,2024-07-24 11:12:07.097079
Dell Inspiron 16 Plus 2560x1600 Laptop i7-13700H 32GB 1TB SSD i7630-7619SLV-PUS,$679.00,Free shipping,2024-07-24 11:12:07.099232
Dell Laptop Latitude 7400 Intel Core i5 8th Gen 256SSD HD 8GB Windows 11 Webcam,$149.00,Free shipping,2024-07-24 11:12:07.102516
New ListingDell Latitude 5580 Laptop 2.80GHz Intel Core i7-7600U 8GB DDR4 RAM NO SSD (H11),$19.99,+$10.00 shipping,2024-07-24 11:12:07.105710
Dell Latitude E6410 Laptop Intel Core i5-2.53GHz 4GB 250GB DVD-RW WiFi Win10,$109.99,Free shipping,2024-07-24 11:12:07.109797
"Dell Latitude 7400 2-in-1|Core i5-8365U 1.60GHz,256GB SSD|8GB RAM|Touch",$220.00,Free shipping,2024-07-24 11:12:07.116784
"Dell Latitude 5511 15.6"" Laptop i5-10400H @2.60GHz 16GB RAM 512 GB SSD",$249.99,+$19.75 shipping,2024-07-24 11:12:07.126262
"New ListingDell Inspiron 3530 Laptop 15.6"" FHD Intel Core i7-1355U 16GB RAM 512GB SSD Good",$425.00,Free shipping,2024-07-24 11:12:07.130286
"G Dell Latitude 5520 15.6"" LAPTOP FHD i5-1145G7 512GB 16GB Windows 11 Pro",$339.99,Free shipping,2024-07-24 11:12:07.131987
Dell Latitude 3189 - 2-IN-1 Tablet Intel pentium N4200 8GB RAM 128GB SSD. *****,$48.00,Free shipping,2024-07-24 11:12:07.137662
"Dell Latitude 3190 11"" Laptop Intel Celeron N4100 4GB RAM 64GB SSD W11P",$49.99,+$15.00 shipping,2024-07-24 11:12:07.139808
New ListingDell Inspiron 1100 PP07L XP Laptop with Charger,$35.00,+$11.04 shipping,2024-07-24 11:12:07.144641
"Dell Latitude 7400 14"" 2-in-1 Tablet/Laptop Intel i7-8665U 1.9GHz 16GB 512GB",$200.00,Free shipping,2024-07-24 11:12:07.149778
"Dell Latitude 7300 13.3"" Laptop Intel Core i5-8265U 16GB RAM 256GB SSD FHD LTE",$149.99,Free shipping,2024-07-24 11:12:07.151373
"Dell Latitude 5440 14"" Intel Core I5-1335U 16GB RAM 512GB SSD WIN 11 PRO - OB",$489.00,Free shipping,2024-07-24 11:12:20.687143
BAD SCREEN Dell Inspiron 15 5566 i7-7500U 2.7GHz 8GB 512GB SSD No PSU AS-IS,$78.30,+$21.81 shipping,2024-07-24 11:12:20.689667
"Dell Latitude E7270 12.5"" Core i5 6300U 2.4GHz 16GB RAM 128GB SSD Win 10",$82.00,+$17.95 shipping,2024-07-24 11:12:20.691265
New ListingDell Latitude 5400 Laptop Intel Core i7-8665U 1.9GHz 16GB RAM 256GB SSD | Win 11,$75.00,+$12.40 shipping,2024-07-24 11:12:20.694439
Dell Latitude E7470 2.40GHz Core i5-6300U 8GB RAM 256GB SSD 1920x1080 Win10 Pro,$119.99,Free shipping,2024-07-24 11:12:20.699843
Dell Latitude 2100 NetBook 1GB RAM 80GB HD Windows 7 Pro SOLD AS IS - Estate,$56.05,+$18.40 shipping,2024-07-24 11:12:20.706992
Dell Precision m3800 Full HD Touch Screen i7-4712HQ 16GB 0HD Light Spots AS-IS,$78.30,+$21.81 shipping,2024-07-24 11:12:20.708689
"Dell Latitude 7530 15.6"" FHD i5-1250P 16GB RAM 256GB SSD Win 11 Pro - Warranty",$379.00,Free shipping,2024-07-24 11:12:20.710279
"Dell Latitude 7390 13.3"" FHD i7-8650U 16GB 2TB M2 SSD Windows 11 Pro Excellent",$259.99,Free shipping,2024-07-24 11:12:20.713322
"Excellent Dell 14"" HD laptop Intel i5 2.6GHz 16GB RAM 512GB SSD WebCam Win 11Pro",$170.00,Free shipping,2024-07-24 11:12:20.714899
"Dell 5190 2 in 1 TouchScreen Chromebook 11.6"" 4GB Ram 32GB SSD *See description*",$48.00,Free shipping,2024-07-24 11:12:20.716483
"Dell laptop Latitude 7480 14"" i5 2.60GHz 16GB 256GB SSD Win 11 Pro WIFI cam",$149.99,Free shipping,2024-07-24 11:12:20.724126
"New ListingDell Latitude 7420 Laptop i5-1145G7 16GB 256GB SSD 14.0"" FHD",$220.00,Free shipping,2024-07-24 11:12:20.725793
"Dell Latitude D600 vintage laptop computer, 40GB HD, Windows 98 SE",$125.00,Free shipping,2024-07-24 11:12:20.727374
"Dell 5410 14"" Laptop 1.7GHz i5-10310U 16GB RAM 256GB SSD Win 11 Pro Grade B",$155.99,+$17.70 shipping,2024-07-24 11:12:20.729073
"New ListingSEE NOTES* Dell Latitude 7490 (i7-8650u, 16GB RAM, 256GB SSD, W11Pro) SEE NOTES*",$24.99,+$18.11 shipping,2024-07-24 11:12:20.731740
Dell latitude 14 rugged 5404 i5-2GHz 8GB 256GB SSD Webcam Win 10 Pro exc battery,$188.81,Free shipping,2024-07-24 11:12:20.733384
"Dell Chromebook Laptop,Model 3180,Screen Size 11.6,Celeron,charger Included",$19.99,+$8.57 shipping,2024-07-24 11:12:20.747016
"Dell Latitude 3120 11.6"" Laptop Celeron N5100 4GB RAM 128GB SSD Win11P -5FXHV",$249.99,Free shipping,2024-07-24 11:12:20.750598
New ListingDell Precision 5510 | 15'' | i7-6820HQ | 16GB RAM | 512GB SSD | 2 Graphics,$174.99,Free shipping,2024-07-24 11:12:20.757696
"New ListingDell Latitude 7400 14’’ (i7-8665u, 16GB, 512GB NVMe, W11 Pro) SEE NOTES**",$29.99,+$15.82 shipping,2024-07-24 11:12:20.760064
"New ListingDell Latitude 7420 Laptop i5-1145G7 16GB 256GB SSD 14.0"" FHD",$220.00,Free shipping,2024-07-24 11:12:20.761731
Dell Laptop Latitude 5400 Intel Core i7 8th 256GB HD 8GB Windows 11 HDMI Webcam,$179.00,Free shipping,2024-07-24 11:12:20.763322
Lot of 5 Dell Latitude 3190 2 in 1 Touch Laptop N5000 8GB RAM 128GB SSD C GRADE,$229.95,Free shipping,2024-07-24 11:12:20.764972
"Dell laptop Latitude 7480 14"" i5 2.60GHz 16GB NEW 512GB SSD Win 11 Pro WIFI cam",$219.99,Free shipping,2024-07-24 11:12:20.770925
"New ListingDell XPS 13 9310 13.4"" 2020 FHD+ 2.4 GHz i5-1135G7 16GB RAM 512GB SSD Win 10",$400.00,Free shipping,2024-07-24 11:12:20.772591
"New ListingDELL LATITUDE E7240 Ultrabook Laptop Intel Core i7-4600U CPU, 8GB RAM, No SSD",$50.00,+$13.60 shipping,2024-07-24 11:12:20.774263
"Dell Latitude 7390 13"" Touch screen  i7 8650U 16GB 512GB SSD Win 11 Laptop WIFI",$279.99,Free shipping,2024-07-24 11:12:20.775845
Dell Latitude 7290 CORE I7-8650U 16GB 256 GB NO OS NO BATTERY,$89.99,Free shipping,2024-07-24 11:12:20.778853
"Non-Touch Dell Latitude 3190 11.6 inch (128GB, Intel Pentium, 1.10GHz, 8GB)",$40.00,+$13.42 shipping,2024-07-24 11:12:20.783450
New ListingDell Precision 7520 | Xeon E3-1545m v5 2.9GHz 32GB DDR4 I 512GB SSD NO OS *READ*,$129.00,Free shipping,2024-07-24 11:12:20.785024
Ubuntu Linux Dell 3180 11.6 Celeron N3060 1.6 GHz 4GB 32 GB eMMC Laptop HD,$59.99,Free shipping,2024-07-24 11:12:20.788489
Dell Latitude 7200 2-in-1 i7-8665U 1.9GHz 16GB RAM 256GB SSD NO OS *Tested*,$174.99,+$7.08 shipping,2024-07-24 11:12:20.791527
"15.6"" Dell Latitude E6520 i5 Dual Core PC Laptop: 8GB Ram 126GB SSD, Windows 10",$115.00,Free shipping,2024-07-24 11:12:20.793103
"New ListingDell Latitude 5501 15.6"" Laptop Core i7-9850H 2.60GHz 16GB RAM NO SSD NO OS",$10.50,+$12.83 shipping,2024-07-24 11:12:20.799165
DELL LATITUDE 5300 Touch Screen Windows 11 pro i5 16GB 512GB SSD Laptop Computer,$229.99,Free shipping,2024-07-24 11:12:20.800726
Dell Latitude 3190 Windows 11 - Laptop 2-in-1 64 GB / 4GB DDR4 / Pentium 1.1GH,$75.00,Free shipping,2024-07-24 11:12:20.803969
"Dell Inspiron 15 3520 15.6"" 12th Gen Intel® Core™ i7-1255U 1 TB SSD 16 GB DDR4",$699.99,Free shipping,2024-07-24 11:12:20.808655
"Dell Precision 7540 15.6"" Core i7-9750H 2.60GHz 8GB 256GB SSD W11 Laptop (A3608)",$119.95,+$25.00 shipping,2024-07-24 11:12:20.814031
Dell Latitude 7320 13in (256GB SSD; Intel Core I7-1180G7 2.2GHz; 16GB) with Pen,$465.00,+$10.00 shipping,2024-07-24 11:12:20.817969
Dell Inspiron 3501; i5 Processor; 16 GB ram; NO HDD/SSD/M.2 (3),$40.00,+$20.00 shipping,2024-07-24 11:12:20.821740
Dell Latitude 7440 i5-1345U 1.6GHz 16 GB RAM 512 GB SSD Windows 10 Pro,$465.00,Free shipping,2024-07-24 11:12:20.826992
"Dell Chromebook 11 3120 Laptop 11.6""Inch Intel 4GB Memory 16gb SSD HDMI Webcam",$96.99,Free shipping,2024-07-24 11:12:20.828710
New ListingDell Latitude 5420 Core i7-1185G7 3.0GHz 32GB No HD No Power Adapt - Bios Locked,$35.00,+$27.00 shipping,2024-07-24 11:12:20.830582
New ListingDell Latitude E7250 Laptop BOOTS Core i5-5300U 2.30GHz 16GB RAM 500GB SSD No OS,$9.99,+$11.73 shipping,2024-07-24 11:12:20.832727
"Dell Latitude 7400 14"" i7-8665U 32GB NEW 1TB SSD NVME Laptop WIN 11 pro FHD WIFI",$359.99,Free shipping,2024-07-24 11:12:20.834390
"Dell Latitude 7420 14"" Laptop Intel Core i5-1145G7 2.60GHz 16GB RAM 512GB SSD",$229.99,+$24.99 shipping,2024-07-24 11:12:20.837479
"Dell Latitude 7400 14"" Laptop i5-8265U 1.60GHz 8GB RAM 128GB SSD Windows 10 PRO",$99.99,+$14.25 shipping,2024-07-24 11:12:20.843000
"Dell 5190 2 in 1 TouchScreen Chromebook 11.6"" 4GB Ram 32GB SSD *See description*",$42.00,Free shipping,2024-07-24 11:12:20.846936
"New ListingDell 6540 512ssd, i5,  HiRls, DVD, Backlit, Win11,office 2007 Clean !",$75.00,+$15.00 shipping,2024-07-24 11:12:20.848514
Dell Latitude 7400 i7-8665U 1.9GHz 16GB RAM **No HDD**,$31.00,+$17.25 shipping,2024-07-24 11:12:20.850239
"New ListingDell XPS 9520 15.6"" (1TB SSD, Intel Core i7-12700H, 64GB, NVIDIA GeForce RTX...",$800.00,+$16.89 shipping,2024-07-24 11:12:20.853584
"New ListingDell Latitude 3500 15.6"" Laptop 2.1GHz Core i5-8145U CPU 8GB RAM 500GB HDD Win11",$70.00,+$10.98 shipping,2024-07-24 11:12:20.855471
"Dell Latitude 7220 Rugged 11.6"" Core i5-8365U 1.60GHZ 8GB RAM 256GB SSD Win11Pro",$299.00,Free shipping,2024-07-24 11:12:20.858805
Dell XPS 15 7590 Intel Core i7-9750H 2.60GHz 32GB RAM 1TB SSD Grade A,$419.99,Free shipping,2024-07-24 11:12:20.860878
"Dell Latitude 7390 13.3'' Laptop Intel i5-8350U 1.7GHz 8GB RAM, 256GB SSD Win 11",$129.99,+$22.92 shipping,2024-07-24 11:12:20.863254
"Dell Latitude D630 14"" (80GB, Intel Core 2 Duo, 2.00GHz, 2GB) Laptop - Silver -",$50.00,+$20.00 shipping,2024-07-24 11:12:20.864836
"New ListingDell Inspiron 7500 2-in-1 15.6"" Core i5-1035G1 1.0GHz 12GB 512GB SSD No OS",$249.95,+$17.45 shipping,2024-07-24 11:12:20.866567
New ListingDell Latitude 7400 i7-8665U @1.9GHz 16GB RAM **No HDD**,$29.99,+$17.25 shipping,2024-07-24 11:12:20.868368
"New ListingDELL LATITUDE 5411 Laptop, i7-10850H 10TH Gen,16GB RAM,256GB M2,14” FHD,Win 11",$285.00,+$25.00 shipping,2024-07-24 11:12:20.869929
Kali Linux Dell 3180 11.6 Celeron N3060 1.6 GHz 4GB 32 GB eMMC Laptop HD,$59.99,Free shipping,2024-07-24 11:12:20.871562
"Dell Inspiron 7370 w/i5-8250U, 8GB RAM, 13.3"" Laptop for Parts/Repair",$69.98,Free shipping,2024-07-24 11:12:20.874890
"Dell Latitude E6540 15.6"" Intel i7-4610M 8GB RAM 256GB SSD Win 10 laptop",$160.00,Free shipping,2024-07-24 11:12:20.876526
"Clean 14"" Dell Laptop E6420/30 Vintage Windows XP Pro 32 Bit 2.5ghz 4gb 250gb",$99.99,+$19.75 shipping,2024-07-24 11:12:20.878364
"Dell Latitude 3380 13"" Laptop Intel Core i3 8GB RAM 128GB SSD Windows 11",$89.95,Free shipping,2024-07-24 11:12:20.881810
Dell Latitude 3150 Intel Celeron N2840 4GB RAM 250GB Win 10 School laptop,$64.99,Free shipping,2024-07-24 11:12:20.884374
"Dell G15 5515, AMD Ryzen 7 5800H 3.2GHz, 16gb ram, 1tb SSD, RTX 3050 Ti, win 11",$350.00,+$30.00 shipping,2024-07-24 11:12:20.889539
"New ListingDell Precision 7680 16"" 2023 FHD+ 2.1GHz i7-13850HX 32GB RAM 1TB SSD - Excellent",$225.00,+$16.89 shipping,2024-07-24 11:12:20.891469
New ListingDell Latitude 7400 Laptop 1.90GHz Core i7-8665U 8GB RAM No SSD No Battery (2e),$19.99,+$10.00 shipping,2024-07-24 11:12:20.893311
"New ListingDell Latitude 5490 Touchscreen 14"" i5-8350u 1.70-3.60Ghz 8GB 128Gb SSD Win 10 A1",$4.25,Free shipping,2024-07-24 11:12:20.895238
Dell Latitude D410 1.73GHz 1GB Ram 60 GB HDD Win XPP with docking station,$39.00,+$19.80 shipping,2024-07-24 11:12:28.865267
Dell XPS13 9333 Laptop  i7-4510U @2.0GHz 8Gb RAM No HDD Win 7 COA SCREEN DAMAGE,$47.99,+$16.25 shipping,2024-07-24 11:12:28.867086
Dell XPS13 9333 Laptop Intel Core i7-4510U @2.0GHz 8Gb RAM No HDD Win 7 COA,$71.99,+$16.25 shipping,2024-07-24 11:12:28.870853
"New ListingDell Latitude 7420 14"" Intel Core i5-1165G7 2.80GHz 16GB RAM SSD 512SSD Grade B",$239.99,Free shipping,2024-07-24 11:12:28.872727
"Lenovo ThinkPad W530 Laptop i7-3740QM 8GB, 320GB, Win 10 Tested",$135.99,Free shipping,2024-07-24 11:12:28.875438
"Dell latitude E 6410 laptop i5 2.53 500 HD Good Battery Win 7, 4 Gig DVD RW",$69.99,+$13.98 shipping,2024-07-24 11:12:28.877470
Dell Latitude 7290 CORE I7-8650U 8GB 256 GB NO OS NO BATTERY,$79.99,Free shipping,2024-07-24 11:12:28.879092
"Dell Inspiron 15 3530 15.6"" 13th Gen Intel® Core™ i7-1355U 1 TB SSD 16 GB DDR4",$599.99,Free shipping,2024-07-24 11:12:28.880859
Dell Latitude 3440 I5 16GB RAM 256 SSD - Factory Sealed,$410.99,+$24.04 shipping,2024-07-24 11:12:28.882487
Dell Latitude E6420 XFR Core i7 CPU 128GB SSD 16GB RAM WIN10 Orange,$404.44,+$18.99 shipping,2024-07-24 11:12:28.884129
Vintage Dell D600 Laptop 1.4GHz 1Gb 40GB DVDCDRW Win XPP VGA Serial Parallel  AC,$124.88,Free shipping,2024-07-24 11:12:28.885635
New ListingDell Latitude 7390 Core i7-8650U 256GB SSD 8GB WIN 11 !!,$120.00,Free shipping,2024-07-24 11:12:28.888986
Dell Latitude 7212 i5-7300U 16GB 256GB SSD W10P GPS Kickstand 2x Batteries Pen,$299.95,Free shipping,2024-07-24 11:12:28.890578
"Dell Latitude 7420 Core i7-1185G7 3.0GHz 16GB Ram 256GB SSD Win 11 Pro 14"" Touch",$329.00,Free shipping,2024-07-24 11:12:28.894190
Dell Inspiron 142-in-1 Touch Laptop Intel Core 5 Processor 8GB Memory...,$749.99,Free shipping,2024-07-24 11:12:28.897513
"2019 Dell Latitude 3301 13.3"" FHD 1.6GHz i5-8365U 16GB RAM 256GB SSD - Very good",$149.99,Free shipping,2024-07-24 11:12:28.899111
"Dell Chromebook 11 5190 Intel Celeron N3350 X2 1.1GHz 4GB 16GB 11.6""  EXCELLENT",$36.90,Free shipping,2024-07-24 11:12:28.900905
New ListingDell Inspiron 15 5567 i5-7200U 2.5GHz 8GB RAM 256GB SSD Windows 10 Home,$26.00,+$17.95 shipping,2024-07-24 11:12:28.902796
"Dell Latitude E7240 12.5"" Ultrabook I5-4310U 2GHz 4GB 256GB SSD Windows 10 Pro",$119.95,Free shipping,2024-07-24 11:12:28.904311
Dell Inspiron 5591 2 In 1 Laptop Touchscreen Intel Core i3-1011OU @2.1GHz,$127.99,+$17.45 shipping,2024-07-24 11:12:28.906087
Dell E6520 i5-2520M Win 10 Pro 2.5GHz 4 GB 250 GB SSD Passed Diagnostics,$98.00,Free shipping,2024-07-24 11:12:28.909753
"Dell Chromebook 11 3180 (11.6"", Intel Celeron N3060, 4GB, 16GB SSD) w/ Charger",$33.95,Free shipping,2024-07-24 11:12:28.913447
"Dell Latitude 5410 Intel core i5-10310U @1.70GHz 16GB Laptop Computer, No hdd",$89.99,+$19.02 shipping,2024-07-24 11:12:28.915182
"Dell Latitude E5540 15.6"" Laptop i7-4600U 2.10GHz 8GB RAM 500GB HDD Win 7",$95.00,+$8.89 shipping,2024-07-24 11:12:28.916787
Dell Latitude E5430 - Core i5 3120m 2.5ghz 8GB 320GB DVDRW Win 10 Laptop,$95.00,Free shipping,2024-07-24 11:12:28.921805
"New Listing15.6"" Dell Latitude 3590 Intel i5-8250U 1.6GHz 16GB 128GB M.2 Win11 Pro KEYBOARD",$75.00,+$10.00 shipping,2024-07-24 11:12:28.927470
"Dell Latitude 5400 14"" Core i7-8665U 1.90GHz 8GB 256GB SSD W11 Laptop (A3614)",$49.95,+$20.00 shipping,2024-07-24 11:12:28.929221
"New ListingDell Latitude 7370 13.3"" Laptop Core m5-6Y54 1.10GHz 8GB RAM 128GB SSD NO OS",$9.99,+$11.73 shipping,2024-07-24 11:12:28.931021
Dell Latitude E6420 XFR Core i7 CPU 500GB SSD 16GB RAM WIN10 BLACK CARBON,$444.44,+$18.99 shipping,2024-07-24 11:12:28.932653
"Dell Latitude 3440 14"" Core i5-4200u 1.60GHz 8GB RAM 320GB WIN 10 Laptop w/ AC",$90.00,Free shipping,2024-07-24 11:12:28.934240
New ListingDell Latitude 3190 2 in 1 Touch Laptop Pentium N5000 4GB RAM 128GB SSD Grade C,$46.95,Free shipping,2024-07-24 11:12:28.935902
"New ListingDell Latitude 3190 11.6"" (128GB SSD, Intel Celeron N4100, 1.1Ghz, 4GB RAM,...",$15.00,+$10.98 shipping,2024-07-24 11:12:28.939192
"Dell Vostro 5471 - 14"" Intel Core i5-8250U 8GB DDR4 256GB SSD No OS/Battery",$69.99,+$15.85 shipping,2024-07-24 11:12:28.940705
Dell Latitude D620/D630 2GB Laptop Windows XP pro SP3 WiFi Serial port DVD/CD,$149.99,Free shipping,2024-07-24 11:12:28.944071
Dell Chromebook 3180 11.6 Celeron N3060 1.6 GHz 4GB 16 GB Laptop - B,$33.99,Free shipping,2024-07-24 11:12:28.946285
"New ListingNew Dell Latitude 5440 14"" (512GB SSD, Intel Core i7 13th Gen, 16GB) 8 Units","$5,600.00",+$70.00 shipping,2024-07-24 11:12:28.949411
i7 Super GAMING BIZ Dell Laptop NVIDIA GeForce MX130 4GB GPU Windows 11 PRO,$349.99,Free shipping,2024-07-24 11:12:28.950993
Dell Latitude 5500 Core i7-8665U 1.90GHz 16GB RAM 512GB SSD Win11 Pro,$225.00,Free shipping,2024-07-24 11:12:28.954036
Dell Gaming Laptop Intel i7- 24GB RAM 500GB Drive Win11/Office/WiFi,$329.00,Free shipping,2024-07-24 11:12:28.955750
"Dell Latitude E5570 15.6"" Intel i7-6600U 2.60GHz 8GB RAM 128GB SSD Win 10 Pro",$105.00,+$24.74 shipping,2024-07-24 11:12:28.957344
"Dell Latitude 5410 14"" FHD Touch i5-10310U @1.7GHz 16GB 256GB SSD M2 WIN 11Pro",$180.00,+$15.00 shipping,2024-07-24 11:12:28.958834
"14.1"" Dell Latitude E6400 Vintage Windows XP Pro 32 Bit 2ghz 2gb 80gb WIFI DVD",$99.00,Free shipping,2024-07-24 11:12:28.960463
"New ListingDell XPS 9310 (13.4"" FHD+, 512GB SSD, 16GB RAM, i7-1185G7 @3.00GHz) New Open Box",$450.00,Free shipping,2024-07-24 11:12:28.962348
"New ListingDell Latitude 5401 14"" Laptop Core i7-9850H 2.60GHz 16GB RAM 256GB SSD NO OS",$9.99,+$12.57 shipping,2024-07-24 11:12:28.965725
Dell Chromebook 11  2-in-1 Touchscreen Intel 2.48 GHz 4GB Ram 32 eMMC Bluetooth,$79.99,Free shipping,2024-07-24 11:12:28.967430
Dell Chromebook 3180 11.6 Celeron N3060 1.6 GHz 4GB 32 GB Laptop,$45.99,Free shipping,2024-07-24 11:12:28.971462
"Dell Latitude 14 5411  (512GB SSD, Intel Core i5-10400H, 2.60GHz, 16GB RAM)",$200.00,+$13.14 shipping,2024-07-24 11:12:28.972952
Black Dell Latitude 5480 - Intel i5-6300U - 8GB RAM,$60.00,+$16.57 shipping,2024-07-24 11:12:28.974740
"New ListingDell Inspiron 15 3542 laptop, Intel i3, 8GB RAM Windows 10 Pro",$115.00,+$15.80 shipping,2024-07-24 11:12:28.986524
Dell Latitude Laptop Intel Core i7 1.9 GHz 16 GB Memory 256 GB M2 HD Win 11 PRO,$224.99,Free shipping,2024-07-24 11:12:28.989462
"Dell Precision 7670 16"" Intel i5-12600HX 32GB RAM 512GB SSD RTXA2000/8GB 500nits",$874.99,Free shipping,2024-07-24 11:12:28.991197
"Dell 15 3567 15.6 inch (1TB, Intel Core i3 6th Gen., 2.40GHz, 16GB Ram Win 10 W",$49.90,+$12.35 shipping,2024-07-24 11:12:28.993293
"Dell XPS 13 9370 13.3"" i7-8550U Touch 16GB RAM 512GB NVME W11Pro",$325.00,+$15.00 shipping,2024-07-24 11:12:28.994868
New ListingDell Latitude D630 2GB Vintage Laptop Windows XP pro SP3 WiFi Serial port DVD/CD,$99.99,Free shipping,2024-07-24 11:12:28.996518
DELL LATITUDE 3460 Laptop w/ Intel Celeron 3215U 1.70GHz + 4GB | No HD/Battery A,$30.00,Free shipping,2024-07-24 11:12:28.998016
New ListingDell Latitude 5400 Laptop  i5-8th Gen 16GB Ram 256 GB NVME Win 10 Read Descripti,$147.00,+$7.32 shipping,2024-07-24 11:12:28.999691
New ListingDell Precision 7520 Intel Core i7-6920HQ 512GB SSD 2.70GHz 16GB RAM Quadro M1200,$199.97,Free shipping,2024-07-24 11:12:29.001984
New ListingDell Latitude 7390 i7-8650U NO RAM/SSD/OS. BIOS LOCKED! !READ!  #97,$69.99,+$19.00 shipping,2024-07-24 11:12:29.009254
"Dell Inspiron 14 5430 Laptop i7-1360U 16GB RAM 1TB SSD 14"" 2560x1600  WQXGA W11",$549.00,Free shipping,2024-07-24 11:12:29.017982
Dell Latitude 5414 TOUCHSCREEN NEW 512GB SSD 16GB i5-6300 Webacm/DVD/Win11pro,$225.00,Free shipping,2024-07-24 11:12:29.020103
"New ListingDell Latitude 5490 Intel Core i7-8650U, 1.9GHz, Quad-Core 16GB RAM 256GB SSD 14""",$29.99,+$12.22 shipping,2024-07-24 11:12:29.025959
"New ListingDell Precision 7510 15"" Intel Xeon 32GB Ram 500GB SSD Quadro M2000M 4K Screen",$225.00,+$15.00 shipping,2024-07-24 11:12:29.027613
"Dell Latitude E6420 Laptop Intel Core i5-2.5Ghz, 8GB RAM, 256GB SSD HDD DVDRW",$74.00,+$5.79 shipping,2024-07-24 11:12:29.029927
"New ListingDell Latitude 3440 Core i5 4200U 1.60GHz 8GB RAM 128GB SSD Win10 14"" Laptop",$98.00,Free shipping,2024-07-24 11:12:29.031499
New ListingDell Latitude 7400 2-in-1 i7-8665U 1.90GHz 16GB RAM 512GB NVMe Win 11 No AC,$279.98,+$12.00 shipping,2024-07-24 11:12:29.033062
"Dell Venue 11 Pro 7139 10.8"" i5-4300Y 1.60GHz 8GB 256GB SSD Win 10 Pro, Keyboard",$134.95,Free shipping,2024-07-24 11:12:29.034645
New ListingDell XPS 13 9343 Core i7 / 8GB RAM,$1.65,+$24.99 shipping,2024-07-24 11:12:29.036468
"Dell 14"" 7490 32GB DDR4 NEW 1TB NVME SSD Core i7 8th gen Win 11 pro Laptop FHD",$349.99,Free shipping,2024-07-24 11:12:29.038132
"Dell Laptop Windows 10 Latitude 3570 Intel Core i5 6th 15.6"" LCD New Battery CAM",$115.00,Free shipping,2024-07-24 11:12:29.041767
"New ListingDell Inspiron 3530 Laptop 15.6"" FHD Intel Core i7-1355U 16GB RAM 512GB Crk Lcd",$375.00,Free shipping,2024-07-24 11:12:29.044856
DELL LATITUDE 14 Rugged 5414 Laptop Intel Core i7-6600U 2.6 GHz 256GB SSD 16GB,$169.99,+$13.22 shipping,2024-07-24 11:12:29.046458
"New ListingDell Inspiron 15 5579 15.6"" 2-in-1 FHD Touchscreen Laptop/i5-8250U/8GB RAM/Win10",$280.00,+$14.35 shipping,2024-07-24 11:12:29.048107
"Dell Inspiron 5430 14"" 2560x1600 Laptop i7-1360U 16GB RAM 1TB SSD i5430-7381SLV",$539.00,Free shipping,2024-07-24 11:12:29.052995
Dell LATITUDE 5490 Intel Core i5 8350U @ 1.7GHz 8GB RAM 128GB SSD No OS 70224F10,$89.95,Free shipping,2024-07-24 11:12:29.055022
Dell Laptop Windows 11 Latitude 5470 Intel Core i5 6th Gen Solid State HD Webcam,$99.00,Free shipping,2024-07-24 11:12:29.056890
Dell Latitude 7414 Rugged Extreme  2.4 GHz 256GB SSD 16GB Touchscreen Win 11 Pro,$249.95,Free shipping,2024-07-24 11:12:29.059753
Dell Vostro 5620 i7-1260P 2.10 up to 4.60GHz 16GB RAM 512GB SSD Iris Xe Graphics,$419.00,Free shipping,2024-07-24 11:12:29.063556
"New ListingDell Latitude 5590 15.6"" - Core i7 - For Parts",$59.98,+$13.98 shipping,2024-07-24 11:12:29.065113
Dell Latitude 14 Rugged 5420 Laptop  i5-8350U 32GB 1TB SSD TOUCH WEBCAM ORANGE,$844.44,+$18.99 shipping,2024-07-24 11:12:29.068674
"Dell Precision 3530, i5-8400H, 16GB RAM, 500GB SSD, 15.6"" FHD, Win 11 Pro",$145.00,+$21.69 shipping,2024-07-24 11:12:39.055640
ðŸ”¥ 2022 Dell Latitude 7420 Laptop Intel i5-1145G7 4.4GHz 8GB RAM 256GB SSD X79HW,$384.99,Free shipping,2024-07-24 11:12:39.057355
"DELL Lattitude 620  Intel Core 2 Duo 15"" Laptop 1.66GHZ, 3GB RAM 160GB HD DVD",$235.60,+$18.40 shipping,2024-07-24 11:12:39.061099
"New ListingDell Latitude 5590 15.6"" - Core i7 - For Parts",$59.98,+$13.98 shipping,2024-07-24 11:12:39.062683
"New ListingDell Inspiron 13.3"" 7373 2 in 1, Core i5 8th gen, 8GB, 256GB SSD, Win 10 P/R",$9.99,+$15.60 shipping,2024-07-24 11:12:39.066430
"Dell Latitude 5310 i5-10310U 13.5"" Laptop - 16GB RAM 512GB SSD - Win 11 Pro B Co",$169.00,Free shipping,2024-07-24 11:12:39.068011
"Dell Latitude Business Laptop i7-8650U X4 1.9GHz 16GB RAM 256GB SSD, 12.5""FHD",$245.69,Free shipping,2024-07-24 11:12:39.069804
Dell Latitude 7400 i7-8665U 1.9GHz 16GB RAM **No HDD**,$29.99,+$17.25 shipping,2024-07-24 11:12:39.071539
New ListingDell Latitude 7200 2-in-1 i7-8th Gen 1.9GHz 16GB/512GB SSD,$205.00,+$11.34 shipping,2024-07-24 11:12:39.073188
"Dell Latitude 5490 14"" Quad i5-8350U 1.70GHz 256GB SSD 16GB RAM - POOR Battery",$115.00,Free shipping,2024-07-24 11:12:39.075472
"Dell Latitude E6420 ATG 14""  i5 2520m 2.5GHz 500GB 8GB W10 Pro Passed Diagnostic",$144.86,Free shipping,2024-07-24 11:12:39.079231
Dell Chromebook 11 3120 (P22T) 2 GB Ram 16 GB SSD (Blue) w/ New Charger,$34.99,Free shipping,2024-07-24 11:12:39.082435
"New ListingDell Latitude 7400 14"" Laptop BOOTS Core i7-8665U 1.90GHz 16GB RAM NO HDD NO OS",$13.50,+$12.57 shipping,2024-07-24 11:12:39.084243
"Dell Chromebook 11 3120 (11.6"", Intel Celeron N2840 2.16GHz, 4GB, 16GB SSD)",$35.95,Free shipping,2024-07-24 11:12:39.085784
"Dell Latitude 7390 i7, 16GB, 512GB SSD, Win11 Pro, Touchscreen, 30-Day Warranty",$249.99,+$20.00 shipping,2024-07-24 11:12:39.091101
New ListingDell Latitude 7490 Core i7 8650U 1.9GHz 16GB RAM 256GB SSD 14'' Win11 Pro Laptop,$66.00,+$16.40 shipping,2024-07-24 11:12:39.094864
"Dell Latitude 5414 14"" Laptop i5-6300U 8GB RAM 256GB SSD Touchscreen Windows 10",$174.95,Free shipping,2024-07-24 11:12:39.097672
"Dell Latitude D820 15"" Laptop -Â  320GB 4GB 1.6GHz - WINDOWS XP  RS232 DB9 Serial",$88.00,+$18.99 shipping,2024-07-24 11:12:39.099410
"Broken Dell Latitude E6520 15.6"" i5-2520M 2.5GHz 4GB RAM No HDD - Read",$27.99,Free shipping,2024-07-24 11:12:39.101769
Laptop i5 16GB RAM 128GB SSD Win11 Pro Dell Laptop,$177.00,+$5.00 shipping,2024-07-24 11:12:39.106937
New ListingDell Latitude 7490 Core i7 8650U 1.9GHz 16GB RAM 256GB SSD 14'' Win11 Pro Laptop,$65.00,+$18.35 shipping,2024-07-24 11:12:39.108887
Dell Latitude 3180 11'' HD N3350 1.10GHz 4GB RAM 64GB SSD Great school laptop,$66.50,Free shipping,2024-07-24 11:12:39.110523
"New ListingDell Latitude 5480 14inch(256GB,Intel Core i5-6300U 2.4GHz,8GB RAM)Laptop-Black",$55.00,+$15.82 shipping,2024-07-24 11:12:39.113138
New ListingDell Latitude 5400 14 core i7-8665u 1.9ghz,$150.00,+$15.00 shipping,2024-07-24 11:12:39.116268
New ListingDell Latitude 3510 i5 10210u 8GB RAM NO HDD/AC *READ* #04,$75.00,+$19.00 shipping,2024-07-24 11:12:39.118030
Dell Latitude Rugged 5414 i5 6300U 2.4GHz 16GB RAM 500GB SSD Win10  BLACK CARBON,$355.55,+$18.99 shipping,2024-07-24 11:12:39.119706
"Dell Chromebook 3100 11.6"" (32GB eMMC, Intel Celeron N4020, 1.10GHz, 4GB RAM)...",$90.00,Free shipping,2024-07-24 11:12:39.121304
"New ListingDell G15 5515 Ryzen Edition Gaming 15.6"" (Ryzen 5, 8GB RAM, 512GB SSD, RTX 3050)",$549.99,+$10.00 shipping,2024-07-24 11:12:39.122959
New ListingDell Latitude 5400 Laptop BOOTS Core i5-8265U 1.60GHz 16GB RAM 256GB SSD No OS,$9.99,+$11.73 shipping,2024-07-24 11:12:39.126549
DELL LATITUDE 3460 Laptop w/ Celeron 3215U 1.70 GHz + 8 GB | No HD/Battery,$35.00,Free shipping,2024-07-24 11:12:39.128093
"Dell Precision 7550 15.6"" i7-10850H 2.7GHz 32GB/512GB m2 SSD UBUNTU Laptop + AC",$427.49,+$14.99 shipping,2024-07-24 11:12:39.129807
"New ListingDell Latitude 7490 14"" Laptop - Intel Core i5-8350U 1.7GHz 16GB RAM - No SSD/Bat",$0.99,+$13.22 shipping,2024-07-24 11:12:39.131617
"Dell Vostro 3500 15.6"" Intel i5-1135G7âœ”8GBâœ” *NO SSD/NOHDD/NO AC* **CRACKED LCD**",$125.00,Free shipping,2024-07-24 11:12:39.133115
Dell Chromebook Latitude 5400 Intel Celeron 2.2GHz 128GB SSD 8GB RAMz,$99.00,+$15.00 shipping,2024-07-24 11:12:39.136470
New ListingDell XPS 15 7590 Intel Core i7-9750H 2.60GHz 16GB RAM 512GB SSD Grade B,$339.99,Free shipping,2024-07-24 11:12:39.138118
FAST Dell Latitude Laptop Intel 4GB 128GB SSD Win10 Pro,$99.99,Free shipping,2024-07-24 11:12:39.140181
Dell Latitude E5430 Intel i7-3540 3.00GHz 8GB 500GB HDD DVD-RW Win 10 Pro Laptop,$99.00,+$9.95 shipping,2024-07-24 11:12:39.145253
"Dell Inspiron P75F5570 Laptop  i5 8TH GEN 8250U 1.60GHZ 15.6"" NO HARD DRIVE",$69.00,Free shipping,2024-07-24 11:12:39.147043
Dell Latitude 3380 256gb SSD Windows 11 i3-6006u 2.00ghz 8gb Ram Hdmi Webcam,$50.00,+$25.25 shipping,2024-07-24 11:12:39.148638
"Dell Inspiron 3530 15.6"" FHD Touch Laptop i7-1355U 16GB 512GB SSD i3530-7050BLK",$549.00,Free shipping,2024-07-24 11:12:39.150147
"Dell Latitude 7400 14"" Core i5-8365U 1.6GHz 8GB RAM 256GB SSD",$116.99,+$19.99 shipping,2024-07-24 11:12:39.151862
"New ListingDell Latitude 7400 i7-8665U @1.9GHz 16GB RAM **No HDD, Bad speakers**",$19.99,+$17.25 shipping,2024-07-24 11:12:39.153667
"New ListingDell Latitude 5500 PC Laptop, Intel Core i5-8365U 1.60GHz, 8GB, 256GB SSD",$59.99,+$37.42 shipping,2024-07-24 11:12:39.155475
Dell Latitude 5480 I5-6TH GEN 8GB RAM 500GB SSD W/ CHARGER @ JH,$75.00,+$25.00 shipping,2024-07-24 11:12:39.157684
New ListingDell Inspiron 3646,$4.99,+$12.32 shipping,2024-07-24 11:12:39.161560
"New ListingDell Latitude 5400 i7-8665u, 1.90 ghz, NVME 256gb SSD, 16gb Ram, Win 11 Pro",$32.44,+$19.20 shipping,2024-07-24 11:12:39.166128
New ListingDell Latitude 7290 Non Touch Intel Core i5 @1.70GHz 16GB RAM 256GB SSD - NO OS,$74.99,+$11.66 shipping,2024-07-24 11:12:39.168423
"Dell Latitude 5480 14 Inches Intel Core i5 7th Gen., PARTS ONLY",$30.00,+$13.55 shipping,2024-07-24 11:12:39.170755
"Dell Inspiron 3530 15.6"" FHD Touch i5-1335U 16GB 512GB W11H",$329.00,Free shipping,2024-07-24 11:12:39.176317
"Dell Latitude 5590 15.6"" Intel Core i5-7th ge 1.60GHz 8GB RAM 256GB SSD Win10Pro",$179.00,Free shipping,2024-07-24 11:12:39.177920
FOR PARTS - Dell Latitude 5590 - Intel Core i5-8350U 1.70GHz 8GB RAM 512GB SSD.,$96.99,Free shipping,2024-07-24 11:12:39.182368
"LOT OF 10 Dell Latitude 7300 13.3"" Laptops i5-8365U 1.6Ghz 8GB NO SSD Webcam FHD",$999.99,Free shipping,2024-07-24 11:12:39.184381
"New ListingDell Latitude 7390 13"" | i5, 1.7GHz, 16GB RAM 256GB | See Description",$120.00,Free shipping,2024-07-24 11:12:39.186090
Lot of 10 Dell Latitude 3350 Laptop Computer PC Core i3 4GB Ram 320GB WiFi NO 0S,$700.00,Free shipping,2024-07-24 11:12:39.189773
New ListingDell Latitude 7390 2-in-1 Core i5 / 8GB RAM,$1.64,+$24.99 shipping,2024-07-24 11:12:39.191680
"Dell 14"" 7490 Touch FHD 32GB NEW 1TB NVME SSD i7-8650U Win 11 pro Laptop Cam WIF",$369.99,Free shipping,2024-07-24 11:12:39.195015
"New ListingDell Latitude 7490 14"" Laptop - Intel Core i5-8350U 1.7GHz 16GB RAM - No SSD/Bat",$0.99,+$13.22 shipping,2024-07-24 11:12:39.196828
"High Grade Dell Latitude 5400 14"" Touch Laptop i7-8665U@1.90GHz 16GB 500GB SSD",$229.99,Free shipping,2024-07-24 11:12:39.202320
Dell Latitude E7240 Laptop BOOTS Intel Core i7-4600U 2.10GHz 8GB RAM No HDD/OS,$18.00,+$11.73 shipping,2024-07-24 11:12:39.204550
Dell Precision 3561 i7-11850H 32GB DDR4 Win10 pro 256GB SSD Laptop (No Adapter),$379.99,Free shipping,2024-07-24 11:12:39.208490
"New ListingDell Latitude E7470 14"" Laptop BOOTS i5-6300U 2.40GHz 8GB RAM 128GB SSD NO OS",$9.99,+$11.73 shipping,2024-07-24 11:12:39.212290
"Dell Chromebook 11 3189 11.6"" 1.6GHz Celeron 4GB RAM 1.8GB Chrome Grade C No AC",$19.99,+$8.11 shipping,2024-07-24 11:12:39.214003
"New ListingDell Latitude 5420 14"" i5-1135G7@2.4GHz, 8GB RAM, 256GB SSD, Win 11 Pro *READ*",$185.00,+$12.88 shipping,2024-07-24 11:12:39.217664
New ListingDell Latitude 3390 2 in 1 I3-7020U 2.30GHz SSD 128GB 12GB DDR4 Laptop PC,$99.00,Free shipping,2024-07-24 11:12:39.220675
"New ListingDELL INSPIRON15-P40F( AMD A6-6310 @1.80GHz, 4Gb, 128Gb SSD) Laptop AS IS",$0.99,+$16.00 shipping,2024-07-24 11:12:39.222505
"Dell Latitude 7300 13.3"" Laptop Intel Core i5-8265U 16GB RAM 256GB SSD FHD LTE",$179.99,Free shipping,2024-07-24 11:12:39.231300
"Dell 14"" FHD 7490 16gb DDR4 NEW 512gb SSD Core i7 8th gen Win 11 pro Laptop WIFI",$287.99,Free shipping,2024-07-24 11:12:39.232888
"New ListingDell Latitude 7210 2-in-1 i7-10610U 1.80GHz 16GB RAM **Flickering LCD, No HDD**",$29.99,+$15.70 shipping,2024-07-24 11:12:39.234697
Dell Inspiron 1150 Intel Celeron @2.4GHz 512MB RAM No HDD/OS,$25.00,+$10.33 shipping,2024-07-24 11:12:39.236810
Dell Latitude 7490 Laptop Windows 11 32GB 1TB SSD + 5 Year Warranty,$379.00,Free shipping,2024-07-24 11:12:39.240913
"Dell Latitude 7390 13.3"" FHD i7-8650U 8GB 256GB SSD Windows 11 Pro Laptop Wifi",$194.99,Free shipping,2024-07-24 11:12:39.242806
"Dell Latitude E5450 14"" Intel i5-5300U 2.30GHz 8GB 128GB SSD Win 8.1 Pro Adapter",$99.95,Free shipping,2024-07-24 11:12:39.244689
"R Dell Latitude 9420 14"" TOUCH QHD+ 2-in-1 Intel i7-1185G7 16GB 256GB Win 11 Pro",$550.99,Free shipping,2024-07-24 11:12:39.246580
"New ListingDell Inspiron 7586 15.5"" Laptop Intel i7-8565U @ 1.80GHz 16GB DDR4 NO OS/HDD",$229.99,+$19.02 shipping,2024-07-24 11:12:39.251448
"2023 Dell Latitude 14 3440 Laptop i3-1315U 8GB RAM 256GB SSD 14"" HD W11 Pro",$299.00,Free shipping,2024-07-24 11:12:39.252950
Dell Latitude E6410  Intel core i5  4GB Memory 500 GB HDD  DVD/RW  Win10pro WIFI,$89.00,Free shipping,2024-07-24 11:12:39.254543
"Dell Chromebook 3380 (13.3"", Intel 1.60GHz, 4GB, 16GB, ChromeOS) with Charger",$39.95,Free shipping,2024-07-24 11:12:39.256119
Dell 3180-P26T 11.6 Celeron N3060 1.6 GHz 4gb Ram 16gb SSD Chromebook,$35.10,Free shipping,2024-07-24 11:12:39.258535
Dell XPS 13 9360  i7 7500U 16GB 256 SSD Touch Screen  good battery  Win11,$219.99,Free shipping,2024-07-24 11:12:39.260040
Dell XPS M170 Retro Gaming Laptop | NO OS 80 GB HDD 2GB RAM GeForce Go 7800 GTX,$199.99,Free shipping,2024-07-24 11:12:39.261630
"New ListingDELL Inspiron 7559 15"" Laptop Intel i7-6700HQ CPU 16GB RAM 1TB HDD GTX 960M GPU",$699.00,+$19.99 shipping,2024-07-24 11:12:39.263568
New ListingDell G3 3579 Gaming Laptop i7-8750H 16GB 512GB SSD GTX 1050 ti READ DESCRIPTION,$185.00,+$6.67 shipping,2024-07-24 11:12:39.265580
"Dell Latitude 5424 Rugged Laptop 14"" Core i5-6300U 32GB 1TB SSD Win10 ORANGE",$677.77,+$18.99 shipping,2024-07-24 11:12:53.683555
"Dell Laptop one E6520, two E6330 display memory HDD KB parts- passed lock bios",$95.00,Free shipping,2024-07-24 11:12:53.685159
"New ListingDell Latitude 5490 1920x1080 14""Laptop i7-8650U 1.90GHz 256GB SSD 16GB RAM",$159.99,Free shipping,2024-07-24 11:12:53.690720
New ListingDell Latitude 5580 15.6'' (512GB SSD Intel Core i5-7300U 2.6GHz 32GB RAM) Laptop,$180.00,+$14.35 shipping,2024-07-24 11:12:53.693084
Dell Latitude E6400 E6500 Core 2 Duo P8400 @ 2.26GHz 4GB RAM 250GB HDD Win 10,$89.99,Free shipping,2024-07-24 11:12:53.696618
"New ListingDell Latitude 5500 15.6"" Laptop Core i5-8365U 1.60GHz 16GB RAM 128GB SSD NO OS",$9.99,+$11.73 shipping,2024-07-24 11:12:53.700396
DELL LATITUDE 3460 Laptop w/ Intel Celeron 3215U 1.70 GHz + 8GB | No HD/Battery,$35.00,Free shipping,2024-07-24 11:12:53.704532
Dell Chromebook 3180 11.6 Celeron N3060 1.6 GHz 4GB 16 GB eMMC  Good Condition,$32.40,Free shipping,2024-07-24 11:12:53.707029
"Dell Latitude Laptop 7480 14"" Core i5 8/16GB RAM 128GB SSD Windows 11 HDMI",$120.00,+$14.00 shipping,2024-07-24 11:12:53.709971
New ListingDell Precision 7550 (15.6'' 256 GB SSD Intel Core i7-10750H 2.6GHz 16GB),$290.00,+$27.05 shipping,2024-07-24 11:12:53.711988
"Works - Dell i7-3610QM 2.3GHz 8GB DDR3 Ram, 466GB HDD laptop used",$75.00,+$10.17 shipping,2024-07-24 11:12:53.713570
New ListingDell Inspiron 15 3525 15.6'' (512GB SSD AMD Ryzen 7 5825U 2GHz 16GB RAM) Laptop,$300.00,Free shipping,2024-07-24 11:12:53.716926
"Dell Inspiron 15 3585 15.6"" Ryzen 5 2500U@2.0GHz 8GB 256GB SSD Radeon Vega Win11",$159.99,Free shipping,2024-07-24 11:12:53.720287
"Dell Latitude 5320 i5-1135G7 13"" Laptop - 16GB RAM 512GB SSD - Win 11 Pro (Limit",$229.00,Free shipping,2024-07-24 11:12:53.721875
Dell Latitude E5430 Laptop Intel Core i7-3540m 3.00GHz 500GB HDD Win 7 COA,$62.99,+$17.45 shipping,2024-07-24 11:12:53.727196
"Dell Latitude E6530 15"" i5-3326M 2.6GHz 4GB 256GB SSD DVDRW WIFI Win 10P Laptop",$68.00,+$17.75 shipping,2024-07-24 11:12:53.729026
Dell Latitude E6420 XFR Core i7 CPU 500GB SSD 16GB RAM WIN10 Orange,$477.77,+$18.99 shipping,2024-07-24 11:12:53.730819
New ListingDell Latitude E5470 i5 63000 8GB RAM 128GB SSD NO AC #04,$60.00,+$19.00 shipping,2024-07-24 11:12:53.732533
"New ListingDell XPS 13 9315 (1TB SSD, Intel Core i7 12th Gen., 1.10GHz, 32GB) Laptop SILVER",$670.00,+$17.37 shipping,2024-07-24 11:12:53.734452
Dell 7490 Laptop Intel i7 Ubuntu Linux 32GB RAM 1TB SSD [5 YEAR WARRANTY],$429.00,Free shipping,2024-07-24 11:12:53.736631
"Dell Latitude 14.0"" Laptop 1920x1080 i3-1125G4 8GB 256GB+PCIe SSD Windows 11 Pro",$359.99,Free shipping,2024-07-24 11:12:53.738162
"Dell Inspiron 15 Gaming 7567 (i5-7300 HQ, 16GB RAM, 2x 512GB SSD, GTX 1050)",$250.00,+$24.88 shipping,2024-07-24 11:12:53.739303
"New ListingUsed Dell Latitude 5590 (Core i3-8130U, 8GB RAM, 128GB M.2 SATA SSD)",$100.00,+$9.98 shipping,2024-07-24 11:12:53.741027
"Dell 17"" Precision 5770 Laptop Intel i7 12800H 32GB DDR5 512GB WARRANTY Feb 2026","$1,424.99",+$34.99 shipping,2024-07-24 11:12:53.742699
Dell latitude 14 rugged 5404 i5-2GHz 8GB 256GB SSD Webcam Win 10 P BL KB excell,$174.83,Free shipping,2024-07-24 11:12:53.744365
Dell Latitude 3510 15.6'' i5-10210U 1.6GHZ 8GB 256GB SSD WIFI GD BATT BAD SCREEN,$85.00,+$16.22 shipping,2024-07-24 11:12:53.745961
"Dell Latitude laptop  7280 12"" i7-6600 2.8GHz 16GB RAM 512GB SSD Windows 11 pro",$259.99,Free shipping,2024-07-24 11:12:53.748040
"Dell Latitude laptop 7300 13.3"" FHD QC i7-8665U 8GB 256gb SSD Win 11 pro WIFI",$199.99,Free shipping,2024-07-24 11:12:53.753037
New ListingDell Latitude E 6400 14in.,$10.00,+$8.06 shipping,2024-07-24 11:12:53.755766
"New ListingDell Inspiron 7373 2 in 1, 13.3"", Core i5 8th gen, 8GB, 256GB SSD, Win 10 P/R",$9.99,+$15.60 shipping,2024-07-24 11:12:53.757639
"Dell Latitude 3330 13.3"" i5-3337U 4GB RAM 320GB HDD Windows 10 Pro AC Adapter",$79.99,Free shipping,2024-07-24 11:12:53.759287
"Dell Latitude E6430 i5 2.6GHz 8GB, 240GB SSD DVD, Charger, Linux Mint Read Descr",$57.50,+$6.90 shipping,2024-07-24 11:12:53.760879
"New ListingDell Latitude 5580 15.6"" (Intel i7-7600U 2.8GHz 32GB RAM 500GB SSD) Win 11 Pro",$195.00,Free shipping,2024-07-24 11:12:53.767968
Dell ALIENWARE X15 R1 Core i9-11900H 1TB SSD 32GB GeForce RTX 3070 Win11,$950.00,Free shipping,2024-07-24 11:12:53.769559
"New ListingDell Latitude 5401 14"" Touchscreen i7-9750H 2.60GHz 16GB RAM 256GB SSD BT Win 11",$179.99,+$21.35 shipping,2024-07-24 11:12:53.772734
New Listing*AS-IS* Dell Latitude 3490 Core i3-6006U 2.00GHz 8GB RAM 128GB SSD Laptop (L212),$39.95,+$15.00 shipping,2024-07-24 11:12:53.776806
Repair Specialist 6-Pack of Laptops (8th through 5th),$320.00,Free shipping,2024-07-24 11:12:53.778317
"Dell Latitude E6440 14"" Laptop i5-4310M 2.7GHz 8GB RAM 500GB HDD Win 10 #92",$51.99,+$10.00 shipping,2024-07-24 11:12:53.780133
Dell Latitude 5511 TOUCH i7-10850H 2.60GHz 16GB Ram 256GB FHD Win 11 Pro,$269.99,+$13.44 shipping,2024-07-24 11:12:53.782391
Dell G7 7590,$300.00,+$12.24 shipping,2024-07-24 11:12:53.786027
New ListingDell Precision 3551 Intel Core i7-10850H 2.70GHz 16GB Ram BAD SCREEN No SSD,$19.99,+$10.00 shipping,2024-07-24 11:12:53.788131
Dell Latitude 5540 i5 16 GB RAM 256 SSD - OPEN BOX,$550.00,Free shipping,2024-07-24 11:12:53.789762
"PARTS, Dell Latitude D630, 14.1"" 1.8GHz 1GB CD/DVD REPAIR-REQ. [D520 D620 D610]",$13.00,+$3.00 shipping,2024-07-24 11:12:53.791272
"Dell Latitude 5590 15.6""i5-8250.NOHD/SSD.SOLD-AS-IS.",$18.89,+$17.99 shipping,2024-07-24 11:12:53.793074
"Fast Dell Precision 15"" Intel Core i7 7th Gen 32GB NEW 2TB SSD Windows 11 Pro",$419.96,Free shipping,2024-07-24 11:12:53.794863
"Dell Inspiron 5430 14"" 2560x1600 Laptop i7-1360U 16GB RAM 1TB SSD W11",$499.00,Free shipping,2024-07-24 11:12:53.796564
"Dell 5190 Chromebook Touchscreen Laptop 11.6"" Celeron 4GB Ram 32GB SSD Chrome B",$57.99,Free shipping,2024-07-24 11:12:53.803926
"Dell Latitude laptop  5411 14"" FH i7-10850H 10th 32GB 512GB NVME win 11 pro Cam",$369.99,Free shipping,2024-07-24 11:12:53.805522
"New ListingDell Latitude 5520 15.5"" Laptop i7-1185G7 @ 3.00GHz 16GB DDR4 256GB SSD NO OS",$299.99,+$19.02 shipping,2024-07-24 11:12:53.811701
"15.6"" FHD Dell Latitude 5511 i7-10850H 2.7GHz 256GB SSD 16GB RAM NO OS",$269.99,+$19.89 shipping,2024-07-24 11:12:53.815315
Dell Latitude e6540 Intel i5 4th Gen 15.4 8gb Memory 500gb Windows 10 Pro,$119.00,Free shipping,2024-07-24 11:12:53.816899
New ListingDELL Latitude 5590 Core i5-8350U 1.70GHz 8GB RAM No SSD Laptop (L216),$34.95,+$15.00 shipping,2024-07-24 11:12:53.823017
"New ListingDell Inspiron 5755 17inch, AMD A8, 12Gb, 1Tb",$100.00,+$10.00 shipping,2024-07-24 11:12:53.824672
New ListingDell Latitude 5400 14 core i7-8665u 1.9ghz,$150.00,+$15.00 shipping,2024-07-24 11:12:53.826251
New ListingDell Vostro 3888 Intel i5-10400 16GB  1TB NVME 1TB HDD GEFORCE GTX 1030 WIN 11,$275.00,Free shipping,2024-07-24 11:12:53.827902
"New ListingDell Latitude 7490 14"" Intel i7-8650U 1.9GHz 16GB DDR4 256GB SSD WIN 11",$160.00,Free shipping,2024-07-24 11:12:53.833498
"Dell Inspiron 16 Plus 7630 16"" 2560x1600 i7-13700H 32GB 1TB SSD W11H",$599.00,Free shipping,2024-07-24 11:12:53.837235
New ListingDell Latitude 3590 | i3-7130U | 8GB DDR4 | 256GB M.2 SSD | Used | B,$99.99,Free shipping,2024-07-24 11:12:53.839135
"New ListingDell Latitude 5520 PC Laptop, Intel Core i7-1185G7 3.00GHz, 16GB, 512GB SSD",$219.99,+$37.42 shipping,2024-07-24 11:12:53.842253
Dell Latitude 3490 14'' Core i5-8250U 1.60GHz 16GB No SSD Laptop (A3789),$39.95,+$20.00 shipping,2024-07-24 11:12:53.845913
"Dell Latitude 5400 14""  i5-8265U 1.6Ghz 8GB  256GB SSD Intel UHD 620 Win 11 Pro",$139.00,+$11.33 shipping,2024-07-24 11:12:53.847425
"Dell Latitude 7210 12.3"" FHD Notebook Intel I5-10310u 8gb RAM 256gb SSD RDDD5...",$200.00,+$13.88 shipping,2024-07-24 11:12:53.849637
Dell 7490 Laptop Ubuntu Linux 32GB Super Fast 1TB SSD + 5 YEAR WARRANTY,$379.00,Free shipping,2024-07-24 11:12:53.852445
Dell Inspiron 15.6 Touchscreen Laptop Ryzen 7 7730U 16GB 512GB SSD i3535-A813BLK,$479.00,Free shipping,2024-07-24 11:12:53.854024
Dell Latitude E7450 Laptop 2.3GHz i5-5300U 8GB 256GB SSD- Win10,$119.99,Free shipping,2024-07-24 11:12:53.855619
New ListingDELL LATITUDE E6320 Laptop w/ Intel Core i5-2540M 2.60 GHZ + 4 GB No HD/Battery,$30.00,Free shipping,2024-07-24 11:12:53.857200
Dell Latitude Rugged 5414 i5 6300U 2.4GHz 16GB RAM 500GB SSD Win 10 TOUCH ORANGE,$413.33,+$18.99 shipping,2024-07-24 11:12:53.858839
Dell Laptop 3450 Windows 10 Intel Core i5 5th Gen 8GB RAM Webcam New Battery,$99.00,Free shipping,2024-07-24 11:12:53.860366
Dell Precision 7740 Intel i5-9400H 2.5GHz 32GB 512GB /  WX3200 4GB Windows 11,$339.00,Free shipping,2024-07-24 11:12:53.861865
"New ListingDell Latitude 5510 PC Laptop, Intel Core i5-10210U 1.60GHz, 16GB, 256GB SSD",$149.99,+$37.42 shipping,2024-07-24 11:12:53.863666
"New ListingDell Latitude E5470 Intel i5-6200U @ 2.3GHz 8GB RAM, No HDD/OS",$51.99,+$18.82 shipping,2024-07-24 11:12:53.865236
"Dell Latitude 7480 14"" Intel i5-7300U 8GB RAM 512GB SSD Windows 10 Pro Laptop",$149.00,Free shipping,2024-07-24 11:12:53.872642
"Dell Inspiron P24T Laptop 11.6"" / 30GB HD / 2GB RAM / 1.60GHz  NO AC",$19.29,+$9.85 shipping,2024-07-24 11:12:53.874231
"Dell Latitude 5511 15.6"" I5-10400H 8GB No OS/SSD *READ*",$175.00,+$17.65 shipping,2024-07-24 11:12:53.875736
New ListingDell Latitude E6330 Laptop BOOTS Core i7-3520M 2.90GHz 8GB RAM 500GB HDD No OS,$9.99,+$12.83 shipping,2024-07-24 11:12:53.877544
"Dell Latitude 7390 13"" Touch screen  i7 8650U 32GB 512GB SSD Win 11 Laptop WIFI",$319.99,Free shipping,2024-07-24 11:12:53.879164
New ListingDell Inspiron 5582 2-in-1 Laptop i3-8145U 16GB RAM 240GB SSD,$225.00,+$20.00 shipping,2024-07-24 11:12:53.880843
"DELL Precision 7520 Laptop, 15.6"" FHD, i7-7820HQ, 16GB, 256GB, Win 10 Pro - ""B""",$179.99,Free shipping,2024-07-24 11:12:53.884228
"New ListingDell Inspiron 1545 15.6(320GB, Intel Celeron, 1.8GHz, 3GB) Laptop",$30.00,+$13.66 shipping,2024-07-24 11:12:53.886179
"New ListingDell Latitude 5414  Core i5 6300U 8 GB (NO OS,No Hard Drive)",$97.00,+$25.62 shipping,2024-07-24 11:12:53.889956
"New ListingDell Latitude 7320 13"" Core i7-1185G7 3.00GHz 16GB 256GB SSD W10 Pro Laptop",$149.95,+$20.00 shipping,2024-07-24 11:12:53.891764
"New ListingDell Latitude 5400 14"" FHD LAPTOP - i5-8365U CPU✔8GB RAM✔256GB SSD✔WIN 10 61310",$99.99,+$19.99 shipping,2024-07-24 11:12:53.893572
Dell Latitude E6520 Intel i5-2520M 2.5GHz 4GB RAM 256GB SSD Win 10 Pro DVDRW WI,$68.00,+$17.75 shipping,2024-07-24 11:13:02.149268
"New ListingDell Latitude 5400 14"" FHD LAPTOP - i5-8365U CPU✔8GB RAM✔256GB SSD✔WIN 10 61310",$99.99,+$19.99 shipping,2024-07-24 11:13:02.156517
New ListingDELL Laptop Latitude 3190 Touch Intel Pentium 8GB 128GB SSD Win 10 Pro,$1.00,+$21.90 shipping,2024-07-24 11:13:02.163623
"Dell Latitude 5401 14 inch (256GB, Intel Core i5 9th Gen., 2.50GHz, 16GB) -...",$155.00,Free shipping,2024-07-24 11:13:02.167540
"New ListingDell Latitude 5430, i7-1265U, 16gb RAM, 512gb SSD, No OS",$319.99,Free shipping,2024-07-24 11:13:02.170498
"NEW Dell Inspiron 15.6"" Touchscreen Laptop i7-1355u 16GB 512GB SSD Win11H Black",$625.00,+$10.99 shipping,2024-07-24 11:13:02.174270
"New ListingDell Latitude 5400 i5-8265U@1.6GHz, 8GB Ram, 256GB NVMe, W10P Installed",$100.00,+$14.93 shipping,2024-07-24 11:13:02.176064
"Dell Precision 7680 i9-13950HX 64GB 1TB SSD 16"" FHD RTX A4000 W11P (OPEN-BOX)","$2,499.99",Free shipping,2024-07-24 11:13:02.177576
New ListingDell Latitude 5500 15.6”. Intel Core i5 8265.1.60GHz.NO HD/SSD.SOLD-AS-IS,$19.80,+$17.99 shipping,2024-07-24 11:13:02.180163
New ListingDell Latitude 7390 2-1 13.3” Core i5 8th Gen.NO HD/SSD.SOLD-AS-IS.,$22.80,+$14.99 shipping,2024-07-24 11:13:02.182159
"Dell Chromebook 3100 11.6"" Celeron N4000 - 1.10GHz - 4GB RAM - 16GB SSD 4GLTE Ch",$39.95,+$12.15 shipping,2024-07-24 11:13:02.183761
"14"" FHD Dell Latitude 7400 Touch i7-8665U 1.9GHz 512GB SSD 16GB RAM Win11 Pro",$245.99,+$15.45 shipping,2024-07-24 11:13:02.185264
"Dell 5190 2 in 1 TouchScreen Chromebook 11.6"" 4GB Ram 32GB SSD  WORKS",$52.00,Free shipping,2024-07-24 11:13:02.186874
DELL Laptop Latitude 3190 Touch Intel Pentium 8GB RAM 128GB SSD Win 10 Pro C5F5,$9.50,+$21.90 shipping,2024-07-24 11:13:02.189289
"New ListingDell XPS 13 9360 Intel Core i5-7200 2.5GHz NO SSD 13.3"" Fingerprint Sensor",$55.00,+$21.45 shipping,2024-07-24 11:13:02.191301
SRB Dell LATITUDE 14 RUGGED EXTREME 7414 i5-6300U 8GB 512GB SSD TOUCH WEBCAM #6,$179.99,Free shipping,2024-07-24 11:13:02.193310
Used Dell Latitude E7440 Core i5 Windows 11 Pro  512gb SSD Drive 16gb RAM laptop,$149.00,Free shipping,2024-07-24 11:13:02.194972
Dell XFR E6420 Rugged Non-Touch Laptop I5 16GB RAM 500GB SSD WiFi WIN 10Pro,$250.00,Free shipping,2024-07-24 11:13:02.196609
New ListingVery Fast Dell Latitude 7490 Laptop Windows 10 Pro 16GB 1TB SSD  5 Year Warranty,$349.00,Free shipping,2024-07-24 11:13:02.198978
"Dell Latitude D620 1.66 GHZ Core 2 Duo, 1.5GB RAM, 80GB HD, Wireless",$235.60,+$18.40 shipping,2024-07-24 11:13:02.200824
"New ListingDell Inspiron 15 Laptop, 15.6"" FHD, Intel Core i3-1215U 32GB RAM,2TB SSD",$415.99,Free shipping,2024-07-24 11:13:02.204454
"New ListingDell Latitude 5401 14"" FHD i5-9400H 2.50GHz 16GB 256GB SSD Win11 Pro New Battery",$149.99,+$10.98 shipping,2024-07-24 11:13:02.208834
Dell Latitude E5470 i5-6300U 2.3 GHz 8GB RAM 256GB SSD Win10 Pro Laptop,$99.00,+$10.00 shipping,2024-07-24 11:13:02.210452
"New ListingDell Latitude 3490, Intel Core i5-8250U, 8GB RAM, 256GB HDD  No OS",$49.99,+$15.35 shipping,2024-07-24 11:13:02.212020
DELL Latitude 3189 Laptop Intel 4GB RAM 128GB SSD HDMI Touchscreen With Webcam,$99.00,Free shipping,2024-07-24 11:13:02.213641
"New ListingWRTY2027 Dell Latitude 7440 14""FHD+ i5-1345U 4.3GHz 16GB 512GB 5G NO BATTERY #ab",$399.99,Free shipping,2024-07-24 11:13:02.219419
Dell Latitude E6420 Laptop Ubuntu,$99.99,Free shipping,2024-07-24 11:13:02.220915
New ListingDell Latitude 5420 Laptop Intel Core i5 11th Gen 16GB RAM 256GB SSD Windows 11,$250.00,Free shipping,2024-07-24 11:13:02.224002
New ListingDell XPS M1530 Laptop Intel Core 2 Duo 2.5 GHz 4GB Ram HDD 160GB Win 10 Pro,$60.00,Free shipping,2024-07-24 11:13:02.226345
Dell Latitude E6540 i7-4810MQ@2.8GHz  8GB RAM 240GB SSD W1N 10 P/OFFICE 21,$95.00,+$15.00 shipping,2024-07-24 11:13:02.227918
LOT OF 2 Dell Latitude E6540 3.00GHz Core i7-4610M 8GB RAM 500GB HDD W10P/OFF21,$130.00,+$25.00 shipping,2024-07-24 11:13:02.229494
New ListingDell Latitude 3460 Intel i3-5005U 8GB RAM 128GB SSD Win 10 Pro Excellent,$69.99,Free shipping,2024-07-24 11:13:02.231258
Dell Latitude 5290 2 in 1 | i5-8350U | 8GB RAM | 256GB SSD | NO OS/KEYBOARD,$81.00,Free shipping,2024-07-24 11:13:02.232996
"New ListingDell Precision 5560 15.6"" Intel i7-11850H 2.50GHz 16GB RAM DDR5 Touch",$699.75,Free shipping,2024-07-24 11:13:02.234612
"Dell Inspiron 14 7000 14.5"" Laptop, Intel Core i5 1135G7,8GB, 256GB SSD",$395.99,Free shipping,2024-07-24 11:13:02.236223
Dell Latitude 5490 i5-8350U 16GB RAM 256GB SSD WIFI Bluetooth Windows 11 Pro,$125.00,Free shipping,2024-07-24 11:13:02.237726
New ListingDell Latitude 5590 i5-8350U 8GB RAM 256GB NVME SSD Windows 11 Pro,$119.00,+$14.50 shipping,2024-07-24 11:13:02.239309
New ListingDell Latitude 7212 Rugged Extreme i5-7300U @2.6GHz 8GB RAM 128GB SSD -NO BATTERY,$24.95,+$23.20 shipping,2024-07-24 11:13:02.241171
Dell XFR E6420 Rugged Touchscreen Laptop I7 16GB RAM 500GB SSD WiFi WIN10Pro,$370.00,Free shipping,2024-07-24 11:13:02.243034
Dell Precision 3510 15.6 I5-6300HQ 512GB SSD 16GB Ram WIN11 PRO,$115.00,+$15.00 shipping,2024-07-24 11:13:02.244613
Dell 7490 Laptop Linux Mint Quad Core 32GB 1TB SSD +++ 5 YEAR WARRANTY,$379.00,Free shipping,2024-07-24 11:13:02.246102
Dell 3100 2-in-1 | WiFi | 4GB | 16GB | Black | P30T,$45.00,Free shipping,2024-07-24 11:13:02.247683
Dell Precision 5540 Laptop 15-inch (2020) - Core i7-9750H - 16 GB - SSD 512 GB,$360.00,Free shipping,2024-07-24 11:13:02.249256
"Dell Latitude 5490 14"" FHD Laptop - i5-8350U CPU✔8GB RAM✔256GB SSD✔WIN 10  25739",$79.99,+$19.99 shipping,2024-07-24 11:13:02.251885
"New ListingDell Latitude E5470 Intel i5-6200U @ 2.3GHz 8GB RAM, No HDD/OS",$55.99,+$18.82 shipping,2024-07-24 11:13:02.253454
"New ListingDell Latitude 5510 15.6"" FHD Intel i5-10310U 10th Gen 16GB 256GB SSD Win 11P",$188.95,Free shipping,2024-07-24 11:13:02.255089
"Dell Latitude 5410 14"" Touchscreen i5 10310U 1.70GHz 16GB RAM 256GB Windows 11",$230.00,Free shipping,2024-07-24 11:13:02.257921
New ListingDell Latitude 5290 2 in 1 Touchscreen Notebook/ Laptop,$75.00,+$16.00 shipping,2024-07-24 11:13:02.260563
New ListingDell Latitude 3340 Core i5-4200U @1.6GHZ - 4GB RAM - NO HDD,$9.95,+$23.82 shipping,2024-07-24 11:13:02.262344
"Dell Precision 3561 15.6"" 2.6 GHz i7-11850H 32GB 1TB SSD NVIDIA T600 - Excellent",$255.00,+$7.07 shipping,2024-07-24 11:13:02.264129
"Dell Latitude 3189 Touchscreen Laptop 11.6"" Celeron 4GB 128GB SSD Windows 10",$105.00,Free shipping,2024-07-24 11:13:02.265757
"Dell Laptop Linux Mint Cinnamon 8GB Ram,New Fast 512GB SSD Drive,Year Warranty",$275.49,Free shipping,2024-07-24 11:13:02.268853
"New ListingDell Latitude 5590 15.6""i5-8250.NOHD/SSD.SOLD-AS-IS.",$18.89,+$17.99 shipping,2024-07-24 11:13:02.270722
New ListingDell Latitude E5550 i7-5600U 12GB RAM 500GB HDD No OS | Failed Battery | Poor,$36.17,+$17.78 shipping,2024-07-24 11:13:02.272363
"Dell Latitude 5440 Intel Core i5 4th Gen 8GB 256GB Ssd 14.1"" Win 10 Ref A+ WF276",$201.99,Free shipping,2024-07-24 11:13:02.273845
Dell Latitude 3189 11.6 Laptop Intel Pentium N4200 1.10GHz 8GB RAM 128GB SSD,$139.95,Free shipping,2024-07-24 11:13:02.275340
"Dell Latitude 3440 14"" Laptop Intel i3-4030U 1.90GHz 8GB RAM 128GB SSD Win 10",$65.09,Free shipping,2024-07-24 11:13:02.279187
"New ListingDell Latitude 7490 14"" Laptop - Intel Core i5-8350U 1.7GHz 16GB RAM - No SSD/OS",$0.99,+$13.06 shipping,2024-07-24 11:13:02.280987
"New ListingDell Latitude 5490/1.6ghz Core i5-8th gen QUAD/8GB/128GB/14""/W10P-NICE!!",$85.00,+$30.00 shipping,2024-07-24 11:13:02.282587
"New ListingDell Latitude 7490 i7-8650U@1.9GHz, 8GB Ram, 128GB M2, W10P Installed",$100.00,+$14.93 shipping,2024-07-24 11:13:02.284980
New ListingDell Latitude 5289 Core i5-7300U 2.60GHz 8GB Ram No Hard Drive No Power Adapter,$29.99,+$27.00 shipping,2024-07-24 11:13:02.286765
New ListingDell Inspiron 3583 Intel Core i5 8265U 8GB RAM 750 GB SSD no os,$84.99,+$14.25 shipping,2024-07-24 11:13:02.290163
Dell Latitude 7490 14in 256 GB SSD 16 GB RAM i5-8350U 30 day warranty No OS,$90.00,+$18.00 shipping,2024-07-24 11:13:02.291749
Fast & Reliable Dell 7490 Laptop Ubuntu Linux 32GB 1TB SSD +++++ 5 YEAR WARRANTY,$379.00,Free shipping,2024-07-24 11:13:02.293240
New ListingDell XPS 13 9310 Intel Core i7-1185G7 3.00GHz 16GB RAM 256GB SSD Grade A,$449.99,Free shipping,2024-07-24 11:13:02.294872
Dell Latitude E7470 14in 256 GB SSD 16 GB RAM i5-6300U 30 day warranty No OS,$60.00,+$18.00 shipping,2024-07-24 11:13:02.296440
Dell Latitude 9520 2-in-1 2021 i7 -1185G7 32 GB SSD 256 GB A Grade SILVER,$489.99,Free shipping,2024-07-24 11:13:02.298003
New Listing*AS-IS* Dell Latitude 5580 Core i5-7440HQ 2.8GHz 8GB 500GB HDD Laptop (A3802),$39.95,+$20.00 shipping,2024-07-24 11:13:02.300612
"Dell Inspiron 1440 14"" Laptop",$9.99,+$24.84 shipping,2024-07-24 11:13:02.302770
Dell Latitude 5490 14in 512 GB SSD 8 GB RAM i5-8350U 30 day warranty No OS,$85.00,+$18.00 shipping,2024-07-24 11:13:02.304789
"New Listing*AS-IS* Dell Latitude 5400 14"" Core i5-8265U 1.60GHz 8GB 256GB SSD W10 (A3807)",$39.95,+$20.00 shipping,2024-07-24 11:13:02.306569
"New ListingDell Latitude 5400 14"" Laptop Core i5-8365U 1.60GHz 16GB RAM 512GB SSD NO OS",$9.99,+$12.57 shipping,2024-07-24 11:13:02.308430
New ListingDell Latitude 7490 Laptop Linux Mint Quad Core 16GB 256GB SSD ++ 5 YEAR WARRANTY,$339.00,Free shipping,2024-07-24 11:13:02.310642
"New ListingDell Latitude 5400 i5-8265U@1.6GHz, 8GB Ram, 256GB NVMe, W10P Installed",$100.00,+$14.93 shipping,2024-07-24 11:13:02.312446
"New Listing*AS-IS* Dell Latitude 5400 14"" Core i5-8265U 1.60GHz 16GB 256GB SSD W10 (A3809)",$39.95,+$20.00 shipping,2024-07-24 11:13:02.314237
"New ListingDell Latitude 7490 i5-8250U@1.6GHz, 8GB Ram, 128GB M2, W10P Installed",$100.00,+$14.88 shipping,2024-07-24 11:13:02.316922
"New ListingDell Latitude 5490 i5-8250U@1.6GHz, 8GB Ram, 256GB M2, W10P Installed",$100.00,+$14.93 shipping,2024-07-24 11:13:02.319348
"New Listing*AS-IS* Dell Latitude 3380 13.3"" Core i3-6006U 2.00GHz 8GB 128GB SSD W10 (A3804)",$29.95,+$20.00 shipping,2024-07-24 11:13:02.321129
"New ListingDell Latitude E7470 14"", Core i5-6300U 2.4GHz, 16GB Ram, 256GB SSD Win 11 Pro",$140.00,+$15.00 shipping,2024-07-24 11:13:02.323075
Dell 7490 Laptop UBUNTU LINUX 64GB RAM Fast 2TB 2000GB SSD + 5 YEAR WARRANTY,$519.00,Free shipping,2024-07-24 11:13:02.326329
"New ListingDell Latitude 14 Rugged 5414 i5-6300U@2.4GHz, 8GB Ram, NO HDD",$80.00,+$15.52 shipping,2024-07-24 11:13:02.330284
"New ListingDell Latitude E6420 Intel Core i5-2520M 2.5GHz 4GB RAM 128GB SSD 14""",$0.99,+$24.81 shipping,2024-07-24 11:13:02.332149
"New ListingDell Latitude 7490 i7-8650U@1.9GHz, 16GB Ram, 512GB NVMe, W10P Installed",$125.00,+$14.93 shipping,2024-07-24 11:13:02.334559
"Dell Latitude 5490 Intel core i5-8350U @1.70GHz 8GB Laptop Computer, No hdd",$39.99,+$19.02 shipping,2024-07-24 11:13:02.336273
New ListingDell Inspiron 15 5548 TouchScreen i5-5200U @ 2.20GHz (16GB Ram 500GB SSD Win 11),$150.00,Free shipping,2024-07-24 11:13:02.340039
"New ListingDell Latitude 7490 | 16GB, 256GB, 1.90GHz, i7-8650U | See Description",$145.00,Free shipping,2024-07-24 11:13:02.341697
"New ListingDell Latitude 5411 14"" i5-10300H@2.5GHz, 8GB RAM, 256GB SSD, Win 11 Pro *READ*",$130.00,+$12.88 shipping,2024-07-24 11:13:02.343348
Dell Latitude E7450 Intel i5 2.3GHz 8GB RAM 128SSD Win 11. Read.,$80.00,+$15.00 shipping,2024-07-24 11:13:02.351514
New ListingDell Latitude E5570 Intel Core i5-6300 CPU 2.40GHz 8GB 15.5 Screen Laptop,$69.99,+$21.35 shipping,2024-07-24 11:13:02.353361
New Listing* Dell precision 3541 Intel Core i5-9400H@ 2.50GHz16GB Ram 256 gbNVMe W10 PRO. *,$99.99,+$23.74 shipping,2024-07-24 11:13:02.355130
"Dell Wyse 5470 14"" FHD Intel Celeron N4100 1.10GHz 8GB RAM 128GB SSD Windows 10",$199.00,+$24.46 shipping,2024-07-24 11:13:02.356623
Dell 7490 Laptop Ubuntu Linux 32GB Fast 1TB SSD + 5 YEAR WARRANTY,$379.00,Free shipping,2024-07-24 11:13:02.358104
Dell Latitude Rugged 5414 i5 6300U 2.4GHz 16GB RAM 500GB Win10  WEBCAM ORANGE,$404.44,+$18.99 shipping,2024-07-24 11:13:02.359696
DELL LATITUDE Laptop  7480 14” i7 2.8GHz 16GB RAM 512GB SSD Windows 11 Pro,$239.00,Free shipping,2024-07-24 11:13:11.487002
"Dell Vostro 3700 Core i3-M350 2.27GHZ  8GB RAM 250GB SSD 17"" LCD Read First",$89.00,+$20.00 shipping,2024-07-24 11:13:11.489127
Dell Latitude D505 1.5GHZ 512MB RAM 60GB HDD WINDOWS XP AC ADAPTER CDRW,$166.25,+$18.40 shipping,2024-07-24 11:13:11.491012
Dell 7490 Laptop Ubuntu Linux 32GB Fast 1TB SSD + 5 YEAR WARRANTY,$379.00,Free shipping,2024-07-24 11:13:11.492585
New ListingDell 7490 Laptop Ubuntu Linux 16GB Super Fast 256GB SSD ++++++++ 5 Year Warranty,$339.00,Free shipping,2024-07-24 11:13:11.496272
New ListingDell Latitude E5550 Intel i5 2.2GHz 8GB RAM 128GB SSD WIN10 Pro READ.,$55.00,+$15.00 shipping,2024-07-24 11:13:11.497963
Dell Business Class Laptop - Latitude 7480 i5 16GB 512GB SSD Windows 10 Grade A,$219.99,Free shipping,2024-07-24 11:13:11.499533
Dell Precision 3630 i7-8700 16GB 512GB SSD WX 3200 (4GB) W10P (USED - GRADE A),$524.99,Free shipping,2024-07-24 11:13:11.501065
"Dell Latitude D830/2.20GHz/4GB/500GB/nVidia GPU/15.4"" WSXGA+/SERIAL  DSUB/XP PRO",$139.90,+$16.00 shipping,2024-07-24 11:13:11.503536
New ListingDell Latitude 5450 Intel i7 Ultra 155U 16GB 500GB Win10 Pro Warranty 5/2027,$699.95,Free shipping,2024-07-24 11:13:11.507272
Dell Inspiron 5100 Model P07L Laptop Pentium 4 SOLD AS IS,$93.10,+$18.40 shipping,2024-07-24 11:13:11.509020
"Dell Inspiron 15 3520 15.6"" 12th Gen Intel® Core™ i3-1215U 512 GB SSD 8 GB DDR4",$320.00,Free shipping,2024-07-24 11:13:11.512507
New ListingDell Latitude E5550 Intel i5 2.2GHz 8GB RAM 128GB SSD WIN10 Pro READ.,$55.00,+$15.00 shipping,2024-07-24 11:13:11.517965
New ListingDell Latitude E5550 Intel i5 2.2GHz 8GB RAM 128GB SSD WIN10 Pro READ.,$55.00,+$15.00 shipping,2024-07-24 11:13:11.519705
"#2 Dell XPS 9310 13.4"" FHD+ 2.9GHz i7-1185G7 16GB 512GB WIN 11 PRO",$599.99,Free shipping,2024-07-24 11:13:11.523487
New ListingDell XPS 13 Plus 9320 2023 Silver TOUCH 5GHz i7-1360P 16GB 512GB SSD Excellent,$800.00,+$9.29 shipping,2024-07-24 11:13:11.525173
"New ListingDell Latitude 5580 Laptop 15.6"" Intel Core i5-6440HQ @2.60GHz 16GB RAM (No SSD)",$40.00,+$17.93 shipping,2024-07-24 11:13:11.527124
"New ListingDell Latitude 5410 14"" i5-10310U 32GB RAM 512GB SSD Windows 11 Pro - A+",$200.00,+$15.00 shipping,2024-07-24 11:13:11.529143
New ListingDell Optiplex 5250 AIO Computer i5-7500 3.40GHz 8GB Mem 21.5 Wifi NoHDD/OS,$89.99,+$26.83 shipping,2024-07-24 11:13:11.532128
Dell Latitude 3550 15.6'' i5-5200U 4GB RAM 500GB HDD Win 10 Pro (BAD BATTERY),$99.00,+$11.66 shipping,2024-07-24 11:13:11.533783
"New ListingDell Latitude 14 Rugged 5404 i7-4650@1.7GHz, 8GB Ram, NO HDD",$100.00,+$15.52 shipping,2024-07-24 11:13:11.535636
New ListingDell Latitude 5420 Laptop Intel Core i5 11th Gen 8GB RAM 256GB SSD Win 10 PRO,$175.00,+$23.21 shipping,2024-07-24 11:13:11.537355
"Dell Precision M6800 17.3"" i7-4810MQ 2.8GHz 16GB DDR3L RAM -  No HDD/Caddy/OS",$179.99,Free shipping,2024-07-24 11:13:11.543323
New ListingDell 7490 Laptop Ubuntu Linux 8th Gen 16GB SUPER FAST 256GB SSD  5 Year Warranty,$339.00,Free shipping,2024-07-24 11:13:11.545019
Dell Latitude 3150 Intel Celeron N2840 4GB RAM Win 10 School laptop CLEAN!!!,$59.99,Free shipping,2024-07-24 11:13:11.546587
"New ListingDell Latitude E5570 Core i5-6300U 2.4GHz 8GB RAM No HDD 15.6""- ***Boot to Bios",$75.00,+$13.25 shipping,2024-07-24 11:13:11.548192
"New ListingDell Latitude 7480 14"" Intel Core i5-7200U 2.50GHz 32GB RAM 256GB SSD Laptop W11",$160.00,+$15.00 shipping,2024-07-24 11:13:11.550536
"Dell Latitude 3520 i3-1115G4 3.00Ghz 8GB RAM 256GB SSD 15.6"" Laptop Made in 2022",$160.00,+$19.50 shipping,2024-07-24 11:13:11.554123
"New ListingDell Latitude 7280 Intel Core i5-7300U 2.6GHz 8GB RAM NO SSD 12.5""",$0.99,+$24.81 shipping,2024-07-24 11:13:11.555989
"Dell latitude E5470 14"" FHD Touch i5-6300HQ 16GB Ram 256GB SSD Windows 10 Pro",$149.99,Free shipping,2024-07-24 11:13:11.560059
Dell Latitude 9520 2-in-1 15-inch (2020) i7-1185G7 32 GB SSD 256 GB - B Grade,$419.99,Free shipping,2024-07-24 11:13:11.563468
New ListingDell Latitude E7450 i5 2.3GHz 4GB RAM 128GB SSD W10 Pro. READ,$77.38,+$15.00 shipping,2024-07-24 11:13:11.565151
New ListingDell 7490 Laptop Linux Mint Cinnamon 16GB SUPER FAST 512GB SSD + 5 YEAR WARRANTY,$339.00,Free shipping,2024-07-24 11:13:11.568548
"Dell Latitude X1 Laptop 11"" Intel Pentium M 1.1GHz 512M Ram NO HDD/Power adaptor",$35.00,Free shipping,2024-07-24 11:13:11.570039
"New ListingDell Latitude 7480 14"" (16 GB 256GB SSD, I7-7600u, 2.80GHz, 16GB Ram)",$125.00,Free shipping,2024-07-24 11:13:11.571698
New ListingDell Latitude 7370 M7-6y75 1.2GHz 8GB RAM No HD/OS. READ,$95.00,+$15.00 shipping,2024-07-24 11:13:11.573265
"RB Dell XPS 9310 13.4"" OLED 3.5K Touch 2.9GHz i7-1185G7 16GB 512GB WIN 11 PRO",$679.99,Free shipping,2024-07-24 11:13:11.575038
"New ListingDell Latitude 5480 14"" Notebook (i5-7300HQ @2.5GHz, 8GB 256GB SSD) Win11Pro w/AC",$125.00,Free shipping,2024-07-24 11:13:11.576707
"New ListingDell Latitude 5480 Intel i5-6300U @ 2.4GHz 8GB RAM, No HDD/OS",$60.99,+$18.82 shipping,2024-07-24 11:13:11.578276
New ListingDell 7490 Laptop UBUNTU LINUX 64GB RAM HUGE 2TB 2000GB SSD +++++ 5 YEAR WARRANTY,$509.00,Free shipping,2024-07-24 11:13:11.581683
"New ListingDell Latitude 7480 14"" (i7-6600u @2.6GHz 8GB RAM 256GB SSD) Windows 11 Pro W/AC",$140.00,Free shipping,2024-07-24 11:13:11.583957
Dell Laptop Latitude E6430 Intel core i5  12GB RAM  320GB HDD Windows 10,$69.00,+$7.07 shipping,2024-07-24 11:13:11.585552
"Dell Latitude E7450 Laptop i5-5300U 2.3GHz 8GB RAM 256GB SSD 14"" Windows 10 Pro",$137.75,Free shipping,2024-07-24 11:13:11.587942
New ListingDell 7490 Laptop Windows 11 Pro 16GB RAM FAST 512GB SSD + 5 YEAR WARRANTY,$339.00,Free shipping,2024-07-24 11:13:11.589587
New ListingDell Latitude E7240 i5 1.9GHz 4GB RAM No HD/OS. READ,$49.00,+$15.00 shipping,2024-07-24 11:13:11.597007
New ListingDell Latitude E7240 i5 1.9GHz 4GB RAM No HD/OS. READ,$49.00,+$15.00 shipping,2024-07-24 11:13:11.598703
"New ListingLot of 5 Dell Latitude 3180 Intel N5000 1.10GHz 4GB RAM 11"" HD NO SSD No OS",$19.99,+$20.00 shipping,2024-07-24 11:13:11.600557
New ListingDell Latitude 5501 i7-9850H 2.60GHz 32GB RAM 1TB NVMe Win 11 NVIDIA MX150 No AC,$219.98,+$20.00 shipping,2024-07-24 11:13:11.603924
"Dell Chromebook 3100 11.6"" (32GB eMMC Intel N4020 1.1GHz 4GB) TouchScreen",$55.00,Free shipping,2024-07-24 11:13:11.605521
"New ListingDell Latitude 7520 Laptop,i7-1185G7 11TH Gen,32GB,256GB,15.6” 4K,Win 11,Warranty",$500.00,+$30.00 shipping,2024-07-24 11:13:11.607096
Dell 7490 Laptop Linux Mint Quad Core 32GB 1TB SSD +++ 5 YEAR WARRANTY,$379.00,Free shipping,2024-07-24 11:13:11.610461
New ListingDell 7490 Laptop Ubuntu Linux 32GB Super Fast 960GB SSD + 5 YEAR WARRANTY,$369.00,Free shipping,2024-07-24 11:13:11.612041
New ListingDell Precision M4600 Intel Core i5-2520M @ 2.50GHz 4GB Ram (No HDD/SSD),$9.99,+$11.82 shipping,2024-07-24 11:13:11.613852
Dell Latitude E5570 Intel Core i5-6300U 8GB RAM 256GB NVMe,$46.00,Free shipping,2024-07-24 11:13:11.615880
New ListingDell 7490 Laptop Linux Mint Cinnamon 32GB RAM MASSIVE 2TB SSD ++ 5 YEAR WARRANTY,$439.00,Free shipping,2024-07-24 11:13:11.621061
Dell Latitude 3190 Windows 11 Laptop 180GB-M.2/intel N4100/4GB-DDR4/WiFi/HDMI,$85.00,Free shipping,2024-07-24 11:13:11.622586
"New ListingDell Latitude E5540 15.6"" PC i5-4310U | 16GB Ram | 256GB SSD | Win10P | B-Grade",$89.00,+$17.92 shipping,2024-07-24 11:13:11.624252
"New ListingDell Latitude 5490 14"" Laptop Core i7-8650U 1.90GHz 16GB RAM 256GB SSD NO OS",$9.99,+$11.73 shipping,2024-07-24 11:13:11.626055
Dell Latitude 7490 Laptop Ubuntu Linux 16GB Fast 1TB SSD + 5 Year Warranty,$349.00,Free shipping,2024-07-24 11:13:11.628168
"New Listing*AS-IS* Dell Latitude 5400 14"" Core i5-8265U 1.60GHz 16GB 256GB SSD W10 (A3809)",$39.95,+$20.00 shipping,2024-07-24 11:13:11.629981
"New ListingDell Latitude 7490 i5-8250U@1.6GHz, 8GB Ram, 256GB M2, W10P Installed",$100.00,+$14.93 shipping,2024-07-24 11:13:11.632456
"New ListingDell Latitude 14 Rugged 5414 i5-6300U@2.4GHz, 8GB Ram, NO HDD",$80.00,+$15.52 shipping,2024-07-24 11:13:11.634261
New ListingDell 7490 Laptop Ubuntu Linux 16GB Super Fast 256GB SSD ++++++++ 5 Year Warranty,$339.00,Free shipping,2024-07-24 11:13:11.635915
"New ListingDell Latitude 7480 14"" Intel Core i5-7200U 2.50GHz 32GB RAM 256GB SSD Laptop W11",$160.00,+$15.00 shipping,2024-07-24 11:13:11.637875
New ListingDell 7490 Laptop Linux Mint Cinnamon 16GB SUPER FAST 512GB SSD + 5 YEAR WARRANTY,$339.00,Free shipping,2024-07-24 11:13:11.639482
New ListingDell Latitude 5580 i5 7300U 2.70GHz 8GB RAM NO BATTERY,$85.00,+$17.92 shipping,2024-07-24 11:13:11.641442
"New ListingDell Inspiron 5575 15.5"" Laptop, Ryzen 5 2500U 8GB RAM,  256GB SDD, LINUX , READ",$124.00,+$14.81 shipping,2024-07-24 11:13:11.643222
"New ListingDell Latitude 7310 13.3"" Laptop i7-10610U 1.80GHz 32GB DDR4 512GB SSD NO OS",$249.99,+$19.02 shipping,2024-07-24 11:13:11.644870
Dell Latitude 7214 Rugged Core i7-6600U 256GB SSD 16GB RAM Win10Pro Touch Screen,$357.99,+$29.99 shipping,2024-07-24 11:13:11.647668
New ListingDell 7490 Laptop Windows 11 Pro 16GB RAM FAST 256GB SSD + 5 YEAR WARRANTY,$339.00,Free shipping,2024-07-24 11:13:11.652238
New ListingDell 7490 Laptop Linux Mint Quad Core 32GB SUPER FAST 1TB SSD 5 YEAR WARRANTY,$379.00,Free shipping,2024-07-24 11:13:11.653838
New ListingDell 7490 Laptop Ubuntu Linux 32GB Fast 1TB SSD +++ 5 YEAR WARRANTY,$379.00,Free shipping,2024-07-24 11:13:11.658672
Dell Latitude D630 Notebook Laptop 1.8 GHz 2GB 60GB win7 - needs battery,$69.99,Free shipping,2024-07-24 11:13:11.660320
New ListingDell 7490 Laptop Linux Mint Quad Core 32GB 1TB SSD + 5 YEAR WARRANTY,$379.00,Free shipping,2024-07-24 11:13:11.661920
"New ListingDell Latitude 5490 i5-8250U@1.6GHz, 8GB Ram, 128GB M2, W10P Installed",$100.00,+$14.93 shipping,2024-07-24 11:13:11.664410
New ListingDell Latitude E5570 Intel Core i5-6300 CPU 2.40GHz 8GB 15.5 Screen Laptop,$69.99,+$21.35 shipping,2024-07-24 11:13:11.667033
New ListingDell Latitude 3550 15.6'' i5-5200U 4GB RAM 500GB HDD Win 10 Pro (BAD BATTERY),$99.00,+$11.66 shipping,2024-07-24 11:13:11.672519
New ListingDell Latitude 3550 15.6'' i5-5200U 4GB RAM 500GB HDD Win 10 Pro (BAD BATTERY),$99.00,+$11.66 shipping,2024-07-24 11:13:11.674167
"New ListingDell Latitude 7520 TOUCH Laptop,i7-1185G7 11TH Gen,32GB,512GB,15.6” FHD,Warranty",$500.00,+$30.00 shipping,2024-07-24 11:13:11.675868
"New ListingDell Latitude 5420 14"" FHD Intel Core i5-1145G7 2.6GHz 16GB 256GB Warranty 2025",$199.99,+$32.73 shipping,2024-07-24 11:13:11.677484
New ListingDell Latitude E6440 14'' Intel Core i5-4310M @ 2.70GHz 4GB Laptop (No HDD/SSD),$9.99,+$13.14 shipping,2024-07-24 11:13:11.681263
New ListingDell Latitude 9510 Intel Core i5-10310U 1.70GHZ 16GB RAM 256GB SSD Grade C,$299.99,Free shipping,2024-07-24 11:13:11.682934
New ListingDell 7490 Laptop Ubuntu Linux 32GB Super Fast 960GB SSD + 5 YEAR WARRANTY,$369.00,Free shipping,2024-07-24 11:13:11.684564
"New ListingDell Precision 5540 15"" Intel Core i5-9400H 2.50GHz 16GB RAM 256GB SSD Grade C",$229.99,Free shipping,2024-07-24 11:13:11.686273
New ListingDell 7490 Laptop Linux Mint Quad Core 32GB SUPER FAST 1TB SSD + 5 YEAR WARRANTY,$379.00,Free shipping,2024-07-24 11:13:11.687874
"Dell Latitude 7490 14"" Intel Core i7-8650U @ 1.9GHz 8GB RAM 256GB SSD W10Pro",$130.00,+$24.86 shipping,2024-07-24 11:13:11.691369
New ListingDell Latitude 7400  Intel Core  i5-8265U 1.60GHz CPU  32GB RAM  512GB SSD,$189.99,Free shipping,2024-07-24 11:13:11.692957
"Dell Latitude 5490 14"" Full HD 1.9GHz i7-8650U 32GB RAM 512 GB SSD TouchScreen",$239.00,Free shipping,2024-07-24 11:13:11.694599
"New ListingDell Latitude 5490 Laptop PC Intel i5-8th Gen, 16GB Ram 512GB SSD Win10  - READ",$149.99,Free shipping,2024-07-24 11:13:11.696179
"Dell Latitude E6540 15.6"" Core i5-4310M 2.70GHz 8GB RAM *No SSD* Laptop (L206)",$39.95,+$15.00 shipping,2024-07-24 11:13:11.697928
"New ListingDell Latitude 5500 PC Laptop, Intel Core i5-8365U 1.60GHz, 8GB, 256GB SSD",$59.99,+$37.42 shipping,2024-07-24 11:13:11.699788
"New ListingDell Inspiron 15 3558 15.6in. (1TB, Intel Core i3 5th Gen., 2.1GHz, 6GB)...",$75.00,+$13.98 shipping,2024-07-24 11:13:11.701667
"Dell Latitude 7480 Core i5-6300U 2.40GHz 8GB RAM 256GB SSD 14""- *** Boot to Bios",$71.25,+$13.25 shipping,2024-07-24 11:13:11.703701
"Dell 14"" Latitude 7420 Multi-Touch 2-in-1 Laptop / Core i7 / W10 Pro / 256GB.","$1,099.87",Free shipping,2024-07-24 11:13:11.705329
"Dell Precision 7680 i7-13850HX 32GB 512GB SSD 16"" FHD RTX 2000 W11P (OPEN-BOX)","$1,899.99",Free shipping,2024-07-24 11:13:21.127123
"New ListingDell Latitude 3430 Intel Core i5 12th Gen 1.30ghz 8gb 512gb SSD 14""",$349.99,Free shipping,2024-07-24 11:13:21.131496
"New ListingDell Latitude 5491 i5-8400H@2.5GHz, 8GB Ram, 256GB NVMe, W10P Installed",$100.00,+$14.93 shipping,2024-07-24 11:13:21.133366
New ListingDell 7490 Laptop Windows 11 Pro 32GB RAM FAST 512GB SSD + 5 YEAR WARRANTY,$369.00,Free shipping,2024-07-24 11:13:21.135281
Dell Latitude 5490 14in No HD No Caddy 16 GB RAM i7-8650U 30 day warranty No OS,$100.00,+$18.00 shipping,2024-07-24 11:13:21.136803
"Dell Latitude 5330 (256GB NVMe Intel i5-1245U, 16GB RAM)",$299.99,Free shipping,2024-07-24 11:13:21.144879
Dell Latitude E6410 Intel i5 M520 2.40GHz 4GB Ram 250GB HDD Win 10 Pro WIFI,$65.00,Free shipping,2024-07-24 11:13:21.148670
Dell Latitude 5420 Laptop Intel Core i5 2.6Ghz 8GB RAM 256GB M.2 SSD Windows 10,$212.50,+$15.40 shipping,2024-07-24 11:13:21.150510
"New ListingG Dell Latitude 5510 15.6"" LAPTOP FHD I7-10810U 256GB 16GB Windows 11 Pro",$299.99,Free shipping,2024-07-24 11:13:21.152285
New Listing* Dell Latitude E7270 Intel Core i7-6600u@ 2.60GHz 8GB Ram 256 gb M.2.W10 PRO. *,$69.99,+$23.74 shipping,2024-07-24 11:13:21.154077
"New ListingDell Latitude 5480 Intel i5-6440HQ @ 2.6GHz 16GB RAM, No HDD/OS",$75.99,+$18.82 shipping,2024-07-24 11:13:21.158038
"New ListingDell Latitude 7420 FHD Touch Core i5 Quad (i5-1145G7) 16 gb, 512 gb Win10 P",$259.95,+$13.65 shipping,2024-07-24 11:13:21.159912
"Lot of 10 Dell Latitude 5490 14” Laptops i5-8350U, 16GB, 256GB SSD","$1,999.95",Free shipping,2024-07-24 11:13:21.162635
New ListingDell Latitude 5300 2 in 1 Laptop Tablet I5-8265U 16GB RAM 256GB M.2 SSD No OS,$99.99,Free shipping,2024-07-24 11:13:21.166484
"Dell Latitude 5490 14"" Intel i5-8250U 16GB RAM 500GB SSD WiFi+BT Win 10 Pro",$175.00,Free shipping,2024-07-24 11:13:21.168992
"New ListingDell Latitude E7470 Intel i5-6300U @ 2.4GHz 8GB RAM, No HDD/OS, No Batt",$79.99,+$18.82 shipping,2024-07-24 11:13:21.171192
Dell Latitude D820 15.4-inch Intel Core 2 Duo Untested As Is,$40.00,Free shipping,2024-07-24 11:13:21.172854
New ListingDell Vostro 5502 Intel i5-1135G7 2.40GHz 8GB Ram 512GB SSD Windows 11 Pro,$199.95,+$19.95 shipping,2024-07-24 11:13:21.174628
"RB Dell Precision 5680 16"" FHD+ i5-13600H 16GB 256GB IR Cam vPro  FP Win 11 Pro",$769.99,Free shipping,2024-07-24 11:13:21.176374
"New ListingDell Latitude 5410 14"" Laptop Intel i7-10810U @ 1.10GHz 16GB DDR4 NO OS/HDD",$199.99,+$19.02 shipping,2024-07-24 11:13:21.183054
Dell Business Light Gaming Laptop Intel Core i5 3.10 GHz SSD 8GB RAM Windows 11,$139.99,Free shipping,2024-07-24 11:13:21.185275
"Dell Latitude 7480 14""  i5-6300U 2.4GHz 8GB 256GB SSD Win10 Pro Backlit Grade B",$139.99,Free shipping,2024-07-24 11:13:21.188672
"New ListingDell Latitude 3189 11.6"" Intel Pentium N4200 8GB DDR4 No Storage No OS",$29.97,Free shipping,2024-07-24 11:13:21.191906
Dell Latitude 5414 Rugged i7-6600u@2.6GHz 8GB RAM NO OS *Read*,$99.95,+$16.95 shipping,2024-07-24 11:13:21.193489
"Dell Inspiron 8500 15.4""  2.4GHz 512MB RAM 40GB HDD Win XP Pro/ Good Battery",$129.00,+$18.47 shipping,2024-07-24 11:13:21.196733
"Dell Precision 3540 15.6"" core i5-8365U 16GB RAM 256GB SSD Win 11 pro",$170.00,Free shipping,2024-07-24 11:13:21.198255
"Dell Latitude 7250 Intel I5, 12"" Read Description HLN6762 Grade C",$10.00,+$17.04 shipping,2024-07-24 11:13:21.200326
New ListingDell Latitude 3550 15.6'' i5-5200U 4GB RAM 500GB HDD Win 10 Pro (BAD BATTERY),$99.00,+$11.66 shipping,2024-07-24 11:13:21.202063
New ListingDell Latitude 3550 15.6'' i5-5200U 4GB RAM 500GB HDD Win 10 Pro (BAD BATTERY),$99.00,+$11.66 shipping,2024-07-24 11:13:21.203804
Dell Inspiron N5010 15.6”Intel Core i3 Laptop Scraps/Salvage,$22.00,+$12.00 shipping,2024-07-24 11:13:21.205344
New ListingDell Latitude 5400 i5-8265U 1.6GHz | 8GB DDR4 | 256GB SSD | W11 P | No Charger,$115.00,Free shipping,2024-07-24 11:13:21.207039
New ListingDell Latitude 7520 Intel Core i7-1185G7 3.00GHz 16GB RAM 512GB SSD Grade B,$349.99,Free shipping,2024-07-24 11:13:21.210988
"Dell Latitude 5501 15.6"" Core i7 9850H 2.6GHz 32GB RAM 1TB SSD Win 11 Pro",$445.00,Free shipping,2024-07-24 11:13:21.212632
New ListingDell 7490 Laptop Windows 10 Pro 32GB SUPER FAST 1TB 1000GB SSD 5 YEAR WARRANTY,$379.00,Free shipping,2024-07-24 11:13:21.214498
New ListingDell Latitude 3550 15.6'' i5-5200U 8GB RAM 500GB HDD Win 10 Pro (BAD BATTERY),$119.00,+$13.99 shipping,2024-07-24 11:13:21.216248
"Dell Latitude 7420 14"" Laptop BOOTS i5-1145G7 2.60GHz 16GB RAM 256GB SSD NO OS",$10.50,+$12.83 shipping,2024-07-24 11:13:21.218012
Dell Latitude 7490 Laptop Windows 11 64GB 1TB SSD + 5 Year Warranty,$459.00,Free shipping,2024-07-24 11:13:21.220245
"New Listing*AS-IS* Dell Latitude 5400 14"" Core i5-8265U 1.60GHz 8GB 256GB SSD W10 (A3808)",$39.95,+$20.00 shipping,2024-07-24 11:13:21.222110
"New ListingDell Latitude 7490 i5-8250U@1.6GHz, 8GB Ram, 128GB M2, W10P Installed",$100.00,+$14.93 shipping,2024-07-24 11:13:21.224613
New ListingDell 7490 Laptop Windows 11 Pro 16GB RAM FAST 256GB SSD + 5 YEAR WARRANTY,$339.00,Free shipping,2024-07-24 11:13:21.226237
New ListingDell 7490 Laptop Ubuntu Linux 32GB Super Fast 1TB SSD ++++ 5 YEAR WARRANTY,$379.00,Free shipping,2024-07-24 11:13:21.227836
New ListingDell 7490 Laptop Linux Mint Quad Core 32GB 1TB SSD + 5 YEAR WARRANTY,$379.00,Free shipping,2024-07-24 11:13:21.229468
New ListingDell 7490 Laptop Linux Mint Quad Core 32GB SUPER FAST 1TB SSD + 5 YEAR WARRANTY,$379.00,Free shipping,2024-07-24 11:13:21.231056
New ListingFast & Reliable Dell 7490 Laptop Ubuntu Linux 32GB 1TB SSD +++++ 5 YEAR WARRANTY,$379.00,Free shipping,2024-07-24 11:13:21.232724
New ListingDell 7490 Laptop Linux Mint Quad Core 32GB SUPER FAST 1TB SSD 5 YEAR WARRANTY,$379.00,Free shipping,2024-07-24 11:13:21.234304
"Dell Latitude 3379 13.3"" Core i5-6200U 2.30GHz 16GB No SSD Laptop (A3787)",$34.95,+$20.00 shipping,2024-07-24 11:13:21.236012
Dell Latitude E6410 Laptop Intel Core i5-2.40GHz 4GB 160GB DVD-RW WiFi Win 7,$39.99,+$22.00 shipping,2024-07-24 11:13:21.237598
New ListingDell Latitude 9510 Intel Core i7-10810U 1.10GHz 16GB RAM 256GB SSD Grade C,$329.99,Free shipping,2024-07-24 11:13:21.239265
New ListingDell Latitude 5420 Intel Core i5-1145G7 2.60GHZ 16GB RAM 512GB SSD Grade C,$229.99,Free shipping,2024-07-24 11:13:21.240914
Dell Latitude 7480 Core i7-7600U 2.8-3.9Hz 16GB RAM 512GB SSD FHD,$249.99,Free shipping,2024-07-24 11:13:21.242779
New ListingDell Studio 1555  T6600 C2D 2.2ghz 4gb 250gb Win 7 Dvdrw laptop,$1.00,+$8.96 shipping,2024-07-24 11:13:21.244655
New ListingDell Latitude 7480 Core I7-7600u 16GB 256GB Laptop Touchscreen ****No OS,$180.00,+$15.00 shipping,2024-07-24 11:13:21.246337
Dell Latitute 7480 i5-7200U 8GB Ram 500GB Hard Drive. LAPTOP ONLY,$119.99,Free shipping,2024-07-24 11:13:21.247912
"Dell Latitude 5400 14"" Laptop i7-8665U@1.90GHz 8GB Ram 128GB SSD No OS",$125.00,+$15.52 shipping,2024-07-24 11:13:21.249410
Fast Dell Latitude Laptop Computer Core 2 Duo 4GB WiFi DVD Windows 7 Notebook HD,$135.99,+$29.99 shipping,2024-07-24 11:13:21.250985
"Dell Inspiron 15 TTYFJA00 Laptop 15""- 100% Untested, AS-IS, No Charger",$79.99,+$14.30 shipping,2024-07-24 11:13:21.252763
Dell Latitude E6520 i7-2760QM CPU@2.4GHz 4GB RAM 500GB HDD(4-10-1),$45.00,+$16.00 shipping,2024-07-24 11:13:21.254340
"New ListingDell Latitude 7390 2-in-1 13.3"" Laptop i7-8650U 1.9GHz 16GB DDR3 512GB SSD NO OS",$129.99,+$19.02 shipping,2024-07-24 11:13:21.256438
"Dell Latitude X300 12"" Intel Pentium M .4 GHZ 128 MB - No HDD",$79.98,+$10.53 shipping,2024-07-24 11:13:21.257931
"Dell Latitude 5521 15.6"" Laptop i7-11850H 2.5GHz - 32GB - 1TB NVMe SSD - No OS",$386.36,Free shipping,2024-07-24 11:13:21.259449
"Dell Inspiron 15-3552 15.6"" Laptop 500GB HDD 8GB Ram Celeron cpu Windows 10 Home",$139.99,+$24.99 shipping,2024-07-24 11:13:21.264791
"New ListingDell Latitude 7390 PC Laptop, Intel Core i5-8350U 1.70GHz, 8GB, 256GB SSD",$74.99,+$32.99 shipping,2024-07-24 11:13:21.266859
"Dell Latitude laptop 5400 14"" FHD i7-8665U 16GB 500GB SSD WIFI webcam Win 11 Pro",$268.00,Free shipping,2024-07-24 11:13:21.269680
Dell Latitude D800 15.4'' Laptop Pentium 1GB Ram no HDD,$19.99,+$15.00 shipping,2024-07-24 11:13:21.271177
Dell Latitude 3550 15.6in 500 GB HD 4 GB RAM i5-5200U Windows 10 Pro,$50.00,+$18.00 shipping,2024-07-24 11:13:21.272764
"New ListingDell 14"" Latitude 5400 Laptop 8th Gen Core i5 16GB RAM 256GB SSD Bluetooth W11",$160.00,+$15.00 shipping,2024-07-24 11:13:21.274704
"Dell Latitude 3490 14"" 1080p Laptop i3-7130U 8GB RAM 240GB SSD Win 11 Pro",$79.99,+$18.80 shipping,2024-07-24 11:13:21.276281
DELL Latitude Laptop 3570 i5-6200U 2.30GHz 8GB RAM 250GB  SSD  WIN 10 PRO,$82.87,+$29.95 shipping,2024-07-24 11:13:21.279879
"Dell Latitude 7220 Rugged 11.6"" Core i7-8665U 1.90GHZ 16GB RAM 512GB SSD Win 11",$569.00,Free shipping,2024-07-24 11:13:21.282934
Dell XPS 15 7590 15.6” i7-9750H 8GB RAM 512GB SSD (LDP-W0050),$350.00,+$32.61 shipping,2024-07-24 11:13:21.284550
New ListingDell Inspiron 5501 i5-1035G1 12GB RAM 256GB SSD No OS Blue | Good Condition,$213.70,+$17.78 shipping,2024-07-24 11:13:21.286109
"NEW Dell G16 7630 16.0"" QHD+ 240Hz Intel i7-13650HX, 1TB SSD, 16GB RAM, RTX 4050",$949.00,Free shipping,2024-07-24 11:13:21.287611
New ListingDell 7490 Laptop Windows 11 Pro 32GB RAM SUPER FAST 1TB SSD ++++ 5 YEAR WARRANTY,$379.00,Free shipping,2024-07-24 11:13:21.290927
"New Listing(I) Dell Chromebook 11 3180, Intel Celeron N3060, 4GB, 16GB eMMC P/R",$9.99,+$15.60 shipping,2024-07-24 11:13:21.294473
"Dell	Latitude 5580	i5-7300HQ	8gb				NO OS, HDD/SSD, Adapter",$55.00,+$17.46 shipping,2024-07-24 11:13:21.295959
"New Listing14"" Dell LATITUDE 7410 Ultrabook i7-10810U 1.1GHz | 16GB RAM | 256GB SSD | NO OS",$229.99,Free shipping,2024-07-24 11:13:21.297518
"New ListingDell Inspiron 15 Intel Core i5 12th Gen 1.30ghz 16gb 512gb 15.6"" 2024",$369.99,Free shipping,2024-07-24 11:13:21.302710
Dell Precision 7780 Laptop i7-13850HX 1TB PCIe 64GB FHD BT RTX 3500 W11H WTY,"$2,099.99",Free shipping,2024-07-24 11:13:21.304288
"Dell Latitude E5440 14"" Intel i5-4310U 8GB 500GB HDD Bad Battery No COA OS",$31.49,+$12.83 shipping,2024-07-24 11:13:21.307227
"Dell Latitude 7400 14"" FHD i7-8665 32GB 512gb NVME Win 11 Pro WIFI laptop Carbon",$319.00,Free shipping,2024-07-24 11:13:21.308802
"Dell Precision 7510 Xeon E3 32GB RAM No HDD 15.6"" FirePro W5170M FOR PARTS",$150.00,+$13.25 shipping,2024-07-24 11:13:21.310336
"Dell Latitude Rugged Extreme Tablet 7230 12"" i5 16GB 256GB SSD Grade D",$799.99,Free shipping,2024-07-24 11:13:21.312120
New ListingDell 7490 Laptop Intel i7 Windows 10 Pro 64GB RAM 4TB SSD  5 YEAR WARRANTY,$689.00,Free shipping,2024-07-24 11:13:21.317314
"Dell Latitude E6430 14"" Laptop Core i7-3740QM 2.70 GHz 8GB RAM - No HDD",$34.95,+$19.95 shipping,2024-07-24 11:13:21.318808
Dell Latitude 3470 i3-6100U 4GB RAM 500GB HDD W/ CHARGER @JH,$35.00,+$25.00 shipping,2024-07-24 11:13:21.320417
"New ListingDell Inspiron 15 5568 15.6"" Intel i7-6500U 16GB 256GB SSD Screen Bubbles",$99.99,+$13.14 shipping,2024-07-24 11:13:21.322271
"Dell Latitude 5490 14"" i5-8250U 16GB DDr4 256GB M.2 Win11P Intel UHD 620",$130.00,+$9.99 shipping,2024-07-24 11:13:21.323767
"Dell Inspirion 11 3000 Series Touch Display 11.6"" Display HDMI Intel NO CHARGER",$69.99,Free shipping,2024-07-24 11:13:30.295405
"15.6"" Dell LATITUDE 3590 Laptop i3-7130U @ 2.70GHz 4GB RAM Bot To Bios",$25.00,+$15.50 shipping,2024-07-24 11:13:30.297193
New ListingDell 7490 Laptop Windows 11 Pro 64GB RAM SUPER FAST 2TB SSD ++++ 5 YEAR WARRANTY,$509.00,Free shipping,2024-07-24 11:13:30.298852
"Dell Latitude E7250 i5 CPU - 8GB DDR3 - 128GB SSD - 12.5"" LED  - Windows 10",$109.95,Free shipping,2024-07-24 11:13:30.300515
"New ListingDell Latitude 3590 i5 8th Gen, 16GB Ram, 256 SSD,15 FHD Screen Windows 11",$199.00,Free shipping,2024-07-24 11:13:30.304145
"New ListingDell Latitude 7390 13.3"" (i7-8650 @1.9GHz, 8GB 128GB SSD) Win10Pro w/AC B-Grade",$150.00,Free shipping,2024-07-24 11:13:30.307254
New ListingDell Latitude 5300 Core I5-8365U 1.6GHz 16GB 512GB Laptop Touch ****No OS,$165.00,+$15.00 shipping,2024-07-24 11:13:30.309248
Dell Latitude 7220 Rugged Extreme Tablet Laptop i5 8th windows 11 Pro.,$451.78,+$53.97 shipping estimate,2024-07-24 11:13:30.310912
"Dell Precision 7520 Laptop i7 7700HQ 2.8GHZ 15.6"" FHD 16GB 512GB NVMe Windows 11",$251.99,+$41.61 shipping,2024-07-24 11:13:30.314883
"Dell Precision 7550 i7-10750H 32GB 512GB SSD 15.6 FHD T1000 W10P (USED, GRADE A)",$699.99,Free shipping,2024-07-24 11:13:30.316465
"Dell Inspiron 3530 15.6"" FHD Touch i7-1355U 16GB 512GB W11H i3530-7050BLK-PUS",$479.00,Free shipping,2024-07-24 11:13:30.318179
"Dell Precision 7550 i7-10750H 32GB 512GB SSD 15.6 FHD T2000 W10P (USED, GRADE A)",$799.99,Free shipping,2024-07-24 11:13:30.319984
"Dell Latitude 5310 13.3"" i7-10610U 1.8GHz 8GB RAM Laptop -No Hard Drive-",$39.99,+$15.70 shipping,2024-07-24 11:13:30.321883
"New ListingBroken Dell XPS P82G 13.3"" i7-8650U 2.1GHz 16GB RAM 512GB SSD",$249.99,Free shipping,2024-07-24 11:13:30.323717
New ListingDell Precision 5530 i7-8850H 2.6GHz 16 GB RAM 512 GB SSD Windows 10 Pro,$249.00,+$19.00 shipping,2024-07-24 11:13:30.327417
"New ListingDell Latitude 7390 PC Laptop, Intel Core i5-8350U 1.70GHz, 8GB, 256GB SSD",$74.99,+$32.99 shipping,2024-07-24 11:13:30.329659
Repair Specialist 6-Pack of Laptops (one 8th Gen),$199.99,Free shipping,2024-07-24 11:13:30.331265
"Dell Inspiron 1501 15.4""  AMD Sempron 2GB RAM 80GB HDD Linux OS Installed",$95.00,+$20.00 shipping,2024-07-24 11:13:30.333072
MRB Dell LATITUDE 14 RUGGED EXTREME 7414 i5-6300U 8GB 512GB SSD TOUCH WEBCAM #7,$219.99,Free shipping,2024-07-24 11:13:30.335118
"New ListingDell Latitude 7400 Laptop - Black - 256 GB - 16 GB RAM - Win 11 Pro - 14"" Screen",$189.99,+$22.52 shipping,2024-07-24 11:13:30.337001
"Dell Latitude 6430U i5-3437U 1.90GHz 4GB 128GB SSD 14"" Windows 10 Home",$59.99,+$9.99 shipping,2024-07-24 11:13:30.338676
"Dell Inspiron 15 Laptop AMD Ryzen 7 7730U 16GB RAM 1TB SSD 15.6"" FHD Touch W11",$439.00,Free shipping,2024-07-24 11:13:30.346255
"Dell Latitude 7390 13.3"" FHD i7-8650U 16GB 256GB SSD Windows 11 Pro Laptop Wifi",$237.99,Free shipping,2024-07-24 11:13:30.347893
"New ListingDell Latitude 5414 Rugged 14"" Laptop Core i3-6100U 2.30GHz 8GB RAM 256GB SSD",$29.99,+$12.88 shipping,2024-07-24 11:13:30.351962
"New ListingDell Precision 7540 Laptop 2.6 GHz i7-9750H 32GB 512GB SSD T1000 - Webcam -15.6""",$399.99,Free shipping,2024-07-24 11:13:30.355784
Dell Latitude 3390 2-in-1 intel Pentium 4415U 4GB RAM No SSD,$74.99,+$12.79 shipping,2024-07-24 11:13:30.357363
"New ListingDell Latitude 5400 14"" Laptop Core i5-8265U @ 1.6GHz 16GB RAM 256GB SSD NO OS",$9.99,+$12.57 shipping,2024-07-24 11:13:30.363549
Dell Latitude 7490 Laptop Intel i7 Linux MINT 32GB 1TB SSD [5 YEAR WARRANTY],$429.00,Free shipping,2024-07-24 11:13:30.366094
New Listing*AS-IS* Dell Latitude 5480 14'' Core i5-7200U 2.50GHz 8GB 256GB SSD W10 Laptop,$39.95,+$20.00 shipping,2024-07-24 11:13:30.368015
"New ListingDell Latitude 7490 i5-8250U@1.6GHz, 8GB Ram, 128GB M2, W10P Installed",$100.00,+$14.93 shipping,2024-07-24 11:13:30.370673
New ListingDell 7490 Laptop Windows 11 Pro 32GB RAM FAST 256GB SSD + 5 YEAR WARRANTY,$359.00,Free shipping,2024-07-24 11:13:30.372326
New ListingDell 7490 Laptop Ubuntu Linux 32GB Super Fast 1TB / 1000GB SSD + 5 YEAR WARRANTY,$379.00,Free shipping,2024-07-24 11:13:30.373927
New ListingFast & Reliable Dell 7490 Laptop Ubuntu Linux 32GB 1TB SSD +++++ 5 YEAR WARRANTY,$379.00,Free shipping,2024-07-24 11:13:30.375599
New ListingDell Precision 3560 Intel Core i5-1145G7 2.60GHZ 16GB RAM 256GB SSD Grade A,$329.99,Free shipping,2024-07-24 11:13:30.377896
New ListingDell 7490 Laptop Windows 11 Pro 32GB RAM SUPER FAST 1TB SSD ++++ 5 YEAR WARRANTY,$379.00,Free shipping,2024-07-24 11:13:30.380187
New ListingDell XPS 13 9380 Intel Core i7-8565U 1.80GHZ 16GB RAM 256GB SSD Grade A,$419.99,Free shipping,2024-07-24 11:13:30.383605
"Dell Latitude 7300 13.3"" i5-8265U@1.6GHz, 8GB RAM, 256GB SSD, Windows 11 Pro",$125.00,+$12.93 shipping,2024-07-24 11:13:30.385637
WRTY 2026 Dell Latitude 5420 Intel i5-1145G7 4.40GHz 16GB 256GB SSD PwR Battery,$284.99,Free shipping,2024-07-24 11:13:30.393064
"New ListingDell Latitude 7210 2-in-1 i7-10610U 1.80GHz 16GB RAM **No HDD, Flickering LCD**",$29.99,+$15.70 shipping,2024-07-24 11:13:30.394915
"Dell Latitude 5400 14"" FHD Intel i5 upto 4.1GHz 32GB 512GB SSD Win 11 Pro",$219.99,Free shipping,2024-07-24 11:13:30.399996
Dell Latitude 5414 Rugged i7-6600u@2.6GHz 8GB RAM NO OS *Read*,$99.95,+$16.95 shipping,2024-07-24 11:13:30.401586
Dell Latitude D820 15.4” Laptop Intel Core 2 Duo 160GB HDD Scraps/Salvage,$21.00,+$12.00 shipping,2024-07-24 11:13:30.404580
"New ListingDell Latitude E5570 15.6"" Core i5-6200U 2.30GHz 16GB No SSD Laptop (L211)",$39.95,Free shipping,2024-07-24 11:13:30.407806
New ListingDell Latitude 5490 laptop,$129.99,+$12.00 shipping,2024-07-24 11:13:30.409376
"Dell Latitude E7250 / i5-5300U / 8GB RAM / No SSD, OS, BATT / Bad TrkPad / Parts",$24.99,+$22.95 shipping,2024-07-24 11:13:30.411162
"Dell Latitude E5470 14"" Laptop Intel Core i5-6300U 2.40GHz 8GB 256GB SSD Win10",$99.95,+$15.85 shipping,2024-07-24 11:13:30.413153
Dell Latitude 5580 Core i7-7820HQ 16GB 512GB Backlit KB Nvidia 940MX Win 11 Pro,$219.99,+$12.99 shipping,2024-07-24 11:13:30.416039
"New ListingDell Precision 3581 -  15.6"" i7-13700H @2.5GHz - 32GB - 512GB  - RTX A500","$1,000.00",Free shipping,2024-07-24 11:13:30.417701
"New ListingDell Latitude 5500 PC Laptop, Intel Core i5-8365U 1.60GHz, 8GB, 256GB SSD",$59.99,+$37.42 shipping,2024-07-24 11:13:30.419504
"New ListingDell Latitude 5490 14"" Laptop i7-8650U @ 1.90GHz 16GB DDR4 256GB SSD NO OS",$99.99,+$19.02 shipping,2024-07-24 11:13:30.421183
New ListingDell 7490 Laptop Windows 10 32GB RAM FAST 1TB / 1000GB SSD +++ 5 YEAR WARRANTY,$379.00,Free shipping,2024-07-24 11:13:30.424062
New ListingDell Latitude 5420 i5-1165G7 2.80GHz 256GB SSD 8GB Win10Pro NO AC AU1,$199.99,Free shipping,2024-07-24 11:13:30.427308
"Dell Latitude D500 14"" XGA 1.3GHz Intel 512MB 20GB HDD Windows XP Pro 32-Bit",$100.00,+$25.00 shipping,2024-07-24 11:13:30.430256
"NEW Dell G16 7630 16.0"" QHD+ 240Hz Intel i9-13900HX, 1TB SSD, 16GB RAM, RTX 4060","$1,199.00",Free shipping,2024-07-24 11:13:30.433521
Ultrabook Dell Latitude E4200 - 1.6Ghz 3Gb RAM !Charity!,$49.99,Free shipping,2024-07-24 11:13:30.436275
Dell Latitude 5400 Core I5-8365U 1.6GHz 16GB 512GB Laptop ****No OS,$150.00,+$15.00 shipping,2024-07-24 11:13:30.437855
"Dell Precision 7510 Touchscreen 15.6"" i7-6820HQ 2.70GHz 16GB, 256GB SSD, M1000M",$199.95,Free shipping,2024-07-24 11:13:30.439463
"Dell Latitude E5470 Core i5-6300U 2.4GHz 16GB RAM 256GB M.2 14""-*** Boot to Bios",$71.25,+$13.25 shipping,2024-07-24 11:13:30.441173
"NEW Dell G15 15.6"" 120Hz Gaming Laptop AMD R5 7640HS 16G DDR5 1TB SSD RTX 3050",$729.00,Free shipping,2024-07-24 11:13:30.442694
Dell Latitude 5400 i7-8665U 256GB PCIe 16GB FHD BT Camera W11P Backlit Keyboard,$199.99,Free shipping,2024-07-24 11:13:30.444281
"New ListingDell Latitude 5510 PC Laptop, Intel Core i7-10610U 1.80GHz, 16GB, 256GB SSD",$174.99,+$37.42 shipping,2024-07-24 11:13:30.447821
"Dell Latitude 5500 15.6"" FHD i5-8365U 8GB 250GB SSD Windows 11",$158.00,+$12.93 shipping,2024-07-24 11:13:30.449320
"Dell Latitude 5480 14"" i5-6300U 6th Gen 2.4GHz 8GB RAM 256GB SSD BT Win 10 Pro",$124.99,+$20.00 shipping,2024-07-24 11:13:30.450822
"Dell Latitude D531 14"" Laptop AMD 2GB RAM 120GB HDD - Read Description",$29.00,+$12.00 shipping,2024-07-24 11:13:30.452408
New ListingDell 7490 Laptop Windows 11 Pro 64GB RAM SUPER FAST 2TB SSD ++++ 5 YEAR WARRANTY,$509.00,Free shipping,2024-07-24 11:13:30.453974
New ListingLot of 4 Dell XPS 13 9343 2.3GHz Core i5-5300 CPU 8GBRAM NoHDD *Death Batteries,$200.00,+$26.25 shipping,2024-07-24 11:13:30.455646
Dell Latitude E6520 Intel Core i5-2520 4GB RAM 128GB SSD Windows 7 Pro 32-bit,$229.95,Free shipping,2024-07-24 11:13:30.459154
Dell Latitude D630 Laptop - Intel Core 2 4GB RAM-500GB  Window 7 64Bit Office,$119.99,+$36.20 shipping,2024-07-24 11:13:30.460751
"Dell Latitude 5490 14"" i5-8250U 16GB DDr4 256GB M.2 Win11P Intel UHD 620",$130.00,+$9.99 shipping,2024-07-24 11:13:30.462264
Dell Latitude E7240 12.6in 128 GB SSD 4 GB RAM i5-4210U 30 day warranty No OS,$50.00,+$18.00 shipping,2024-07-24 11:13:30.463847
"Dell Latitude 5500 15.6"" FHD i5-8365U 8GB 250GB SSD Windows 11",$188.00,+$13.11 shipping,2024-07-24 11:13:30.465442
Dell 7490 Laptop Linux Mint Quad Core 32GB Fast 1TB SSD + 5 YEAR WARRANTY,$379.00,Free shipping,2024-07-24 11:13:30.466972
"LOT (5) Dell Latitude 7420 14"" (Intel Core i7-1185G7 16GB Ram 512GB SSD Win10P","$1,799.99",Free shipping,2024-07-24 11:13:30.468904
Dell Latitude 7490 14in No HD No Caddy 16 GB RAM i7-8650U 30 day warranty,$100.00,+$18.00 shipping,2024-07-24 11:13:30.470441
Dell Latitude E6420 i5-2520M@2.50GHz 8GB 128GB SSD Windows10 Pro - Charger,$95.00,Free shipping,2024-07-24 11:13:30.472059
"New ListingDell Latitude 5420 13.9"" Laptop i7-1185G7 3.00GHz 8GB DDR4 500GB SSD NO OS",$249.99,+$19.02 shipping,2024-07-24 11:13:30.473765
Dell Latitude 7490 14in No HD No Caddy 16 GB RAM i7-8650U 30 day warranty No OS,$100.00,+$18.00 shipping,2024-07-24 11:13:30.475332
"New ListingDell Latitude 5580 i5-6300U 2.4GHz 16GB RAM 128GB SSD 15.6"" Win 10 Pro NO BAT",$100.00,+$10.00 shipping,2024-07-24 11:13:30.476929
Dell Latitude 5289 12.6in No HD No Caddy 8 GB RAM i5-7300U 30 Day warranty No OS,$100.00,+$18.00 shipping,2024-07-24 11:13:30.478760
"Dell 14"" Latitude 3410 Laptop 1.80GHz CORE i7 [10510U] 16GB 256GB W11PRO Webcam",$229.99,+$27.08 shipping,2024-07-24 11:13:30.480461
"Dell Latitude D620 (Core 2 Duo T7200 2.00GHz, 2GB Memory, 80GB HDD, Windows XP)",$70.00,Free shipping,2024-07-24 11:13:30.483369
"Dell Latitude 7480 14"" Full HD 15-6300U 2.4GHz 8GB 256SSD Win10 Pro Grade B",$139.99,Free shipping,2024-07-24 11:13:30.486750
New ListingDell 7490 Laptop Windows 10 Pro 32GB Super Fast 4TB 4000GB SSD + 5 YEAR WARRANTY,$559.00,Free shipping,2024-07-24 11:13:30.488379
DELL Latitude E6400 14in Laptop Windows Vista Centrino 2 Parts Only!,$9.99,+$24.28 shipping,2024-07-24 11:13:30.492112
Dell latitude e4300 laptop works,$25.00,+$21.45 shipping,2024-07-24 11:13:30.494016
"Dell Latitude 7300 13.3"" i5-8265U@1.6GHz, 8GB RAM, 256GB M2, Win 11 Pro *READ*",$118.00,+$12.93 shipping,2024-07-24 11:13:30.495953
"New ListingDell Latitude 5520 PC Laptop, Intel Core i7-1185G7 3.00GHz, 16GB, 512GB SSD",$219.99,+$37.42 shipping,2024-07-24 11:13:30.499091
"Dell Inspiron M5030 15.6"" Laptop PARTS ONLY",$32.99,Free shipping,2024-07-24 11:13:30.500749
"New ListingDell Chromebook 3120, 11.6"", Intel Celeron N2840, 4GB, 16GB eMMC P/R",$9.99,+$15.60 shipping,2024-07-24 11:13:30.502549
New ListingDell Latitude E5570 Intel Core i7-6600U 2.60GHz 8GB RAM No HDD Boot to BIOS,$69.99,Free shipping,2024-07-24 11:13:30.504107
Dell Latitude 5440 14'' I5 16GB RAM 256 GB SSD - OPEN BOX,$500.00,Free shipping,2024-07-24 11:13:30.505736
"Dell Precision 7520 15.6"" i7-7820HQ@2.9GHz, 16GB RAM, 512GB M2, Windows 10 Pro",$185.00,+$13.11 shipping,2024-07-24 11:13:30.509547
"New ListingDell Latitude 5421 13.9"" Laptop i5-11500H 2.90GHz 16GB DDR4 512GB SSD NO OS",$219.99,+$19.02 shipping,2024-07-24 11:13:30.511198
