model,price,shipping_cost,timestamp
"New ListingREAD! 2019 Apple MacBook Pro 16"" i7 2.6GHz 16GB 512GB SSD A2141 FIND MY ENABLED",$275.00,Free shipping,2024-07-24 10:59:43.277459
Apple MacBook Pro 13'' MF839LL/A A1502 CORE I5-5257U 2.70GHz 8GB RAM 256GB SSD,$62.00,Free shipping,2024-07-24 10:59:43.290218
Apple MacBook Air 13 Intel Core i7-5650U 2.20GHz 8GB RAM 256GB SSD Z0UU1LL/A,$34.00,Free shipping,2024-07-24 10:59:43.291976
Apple MacBook Pro 13 Intel Core i5-7360U 2.30GHz 16GB RAM 256GB SSD MPXQ2LL/A,$61.00,Free shipping,2024-07-24 10:59:43.295445
Apple MacBook Pro 13 Intel Core i7-1068NG7 2.30GHz 16GB RAM 1TB MWP72LL/A A2251,$199.50,Free shipping,2024-07-24 10:59:43.297215
Apple MacBook Pro 15 Intel Core i9-9880H 2.30GHz 16GB RAM 512GB SSD A1990,$202.50,Free shipping,2024-07-24 10:59:43.301482
"Apple MacBook Air 13"" Core i5 1.7GHz 4GB Ram 64GB SSD -C Grade - See Description",$76.13,Free shipping,2024-07-24 10:59:43.303270
"Apple MacBook Pro A1278 8,1 13.3"" 2.4GHz i5 8GB RAM 500GB HDD 10.13 Grade A NoAC",$64.79,+$17.70 shipping,2024-07-24 10:59:43.305352
New ListingApple MacBook Air 13 Intel Core i5-8210Y 1.60GHz 16GB RAM 256GB SSD MVFH2LL/A,$5.50,Free shipping,2024-07-24 10:59:43.307752
"Apple MacBook Air - 13"" Retina (TRUE TONE) - 1.6GHz - 8GB RAM - 256GB SSD",$337.99,Free shipping,2024-07-24 10:59:43.309537
"Apple MacBook Pro A1278 Mid 2012 Intel Core i5 4GB 128GB SSD 2.5GHz - 13""",$75.00,+$23.21 shipping,2024-07-24 10:59:43.311110
"Apple MacBook Air 13"" 256GB SSD M1 8GB Laptop CYCLECOUNT 1 PRISTINE +New Charger",$202.50,Free shipping,2024-07-24 10:59:43.315450
"Apple MacBook A1181 13.3"" Laptop Intel Core 2 Duo T8100 2.10GHz 2GB RAM 250GB HD",$14.99,+$12.93 shipping,2024-07-24 10:59:43.317024
"Apple MacBook Air 2013 i5 4250U 1.3GHz 4GB RAM 13"" 120GB SSD - AS IS READ 027",$51.99,+$12.80 shipping,2024-07-24 10:59:43.318578
Apple MacBook Pro 13 Intel Core i5-8257U 1.40GHz 8GB RAM 256GB SSD MUHN2LL/A,$14.50,Free shipping,2024-07-24 10:59:43.320391
Apple MacBook Pro 13 Intel Core i5-8257U 1.40GHz 8GB RAM 256GB SSD MUHN2LL/A,$2.25,Free shipping,2024-07-24 10:59:43.322163
"Apple MacBook Pro A1278 8,1 13.3"" 2.8GHz i7 4GB 750GB 10.13(Grade B No AC/Wi-Fi)",$103.99,+$17.70 shipping,2024-07-24 10:59:43.326320
2015 Apple MacBook Air 11.6 i5 1.6GHz 6GB RAM 128GB SSD Space Gray A1465,$103.49,Free shipping,2024-07-24 10:59:43.330238
New ListingApple iPhone 13 Pro - 128 GB - Gold (T-Mobile) ( Back Camera Craked )),$240.00,Free shipping,2024-07-24 10:59:43.331885
"Apple MacBook Pro 13'' Core i7 3.1GHz 16GB 512GB SSD A1502 MF843LL/A Silver,Good",$259.99,Free shipping,2024-07-24 10:59:43.333458
"Apple MacBook Pro A1278 8,1 13.3"" 2.7GHz i7 4GB 256GB 10.13(Grade A No AC/Wi-Fi)",$87.99,+$17.70 shipping,2024-07-24 10:59:43.335144
"Apple MacBook Pro 13.3"" Retina 2015 i5 2.70GHz,8GB RAM). 256GBSSD macOS Bigh Sur",$249.00,Free shipping,2024-07-24 10:59:43.336641
"Apple MacBook Air 13"" (Early 2015) 1.6GHz Dual Core Intel i5 8GB 121GB A1466",$99.00,+$10.00 shipping,2024-07-24 10:59:43.338125
"New ListingApple MacBook Pro A1286 9,1 (Mid-2012) 15"" | Core i7-3615QM | 8GB DDR3 | DVD-RW",$74.99,+$17.87 shipping,2024-07-24 10:59:43.339707
"2020 Apple MacBook Air 13"" Core i3 1.1GHz 8GB RAM 256GB SSD Silver MWTJ2LL/A",$299.99,Free shipping,2024-07-24 10:59:43.341222
Apple MacBook Pro 2019 16&quot; 5300M i7-9750U@2.60GHz 16GB 512GB Sonoma A2141,$439.99,+$15.57 shipping,2024-07-24 10:59:43.342714
"Apple MacBook Unibody 13.3"" 16GB RAM 240GB SSD 2.4 GHz Intel Core 2 Duo",$149.99,Free shipping,2024-07-24 10:59:43.344301
"Apple Macbook Pro i7  13"" 3.1GHZ, A1502, 16GB, 512GB SSD",$229.00,Free shipping,2024-07-24 10:59:43.345877
New Listing2017 Apple MacBook Air A1466 i5 1.8 GHz 8GB RAM 128GB SSD SN: C02WQA4WJ1WK,$115.00,+$16.00 shipping,2024-07-24 10:59:43.349844
"!WARRANTY! APPLE MACBOOK AIR (MRYU3LL/A) M3 CHIP~8GB~256GB~15.3""~2024 *MIDNIGHT*",$499.99,+$30.00 shipping,2024-07-24 10:59:43.351667
Apple MacBook Air i5 1.7 GHz 4GB Ram 128GB SSD A1369,$60.00,+$10.99 shipping,2024-07-24 10:59:43.353255
"APPLE MACBOOK PRO A2159 2019 13"" i5 1.4GHz 8GB RAM 256GB SSD latest macOS",$289.00,+$10.00 shipping,2024-07-24 10:59:43.354746
"2013 Apple MacBook Pro 13"" Laptop Intel i5-4258 CPU 8GB RAM 256GB SSD",$11.00,+$17.10 shipping,2024-07-24 10:59:43.358429
"2014 Apple MacBook Air 13"" Laptop Intel i5-4260U CPU 4GB RAM 128GB SSD",$9.99,+$15.60 shipping,2024-07-24 10:59:43.363569
"Apple MacBook Pro 13"" 2020 - 2.0 GHz Core i5 - 512GB SSD - ‎16 GB LPDDR4",$399.99,Free shipping,2024-07-24 10:59:43.365343
"Apple iPad 2 MC769LL/A Tablet ( iOS 7,16GB, WiFi) Black",$49.99,Free shipping,2024-07-24 10:59:43.366833
2017 Apple MacBook Pro A1707  i7-7920HQ 3.1GHz 16GB 512GB Bad Battery/See Pics,$299.99,Free shipping,2024-07-24 10:59:43.368322
"Apple, Macbook Pro 14,2, MacOS Ventura, A1706, 500GB",$99.00,+$16.55 shipping,2024-07-24 10:59:43.370158
"MV902LL/A 9th Gen i7-9750H 16GB 250GB SSD NO OS 15.4"" 2880x1800 C02YW5QCLVCF",$300.99,Free shipping,2024-07-24 10:59:43.371661
"Apple MacBook Air A1466 i5-5350U 1.8GHz 8GB 128GB SSD 13"" 2017 Monterey: Good",$139.00,Free shipping,2024-07-24 10:59:43.373146
"New ListingApple A2141 MACBOOK PRO 2016 Laptop 16"" 250GB SSD i7-6700 16GB OS Monterey Used",$13.50,+$12.82 shipping,2024-07-24 10:59:43.375234
"Apple MacBook Pro ""Core i5"" 8GB 120GB 13"" Early 2015 - A1502 - BROKEN SCREEN",$70.00,+$15.35 shipping,2024-07-24 10:59:43.376823
"Apple MacBook Pro 13"" 2015 3.1GHz Core i7 16GB RAM 512GB SSD A1502, Silver, Good",$242.99,Free shipping,2024-07-24 10:59:43.379104
"Apple A1707 MacBook Pro 2017 15"" Intel i7-7700HQ 16GB 51GB SSD Pro 555 10.15",$299.99,Free shipping,2024-07-24 10:59:43.380604
Apple MacBook Pro A1708 i5-7360u@2.30GHz 8GB RAM 128GB SSD Monterey 2017 CM381*,$199.99,+$12.65 shipping,2024-07-24 10:59:43.384977
"Apple A2338 MacBook Pro Laptop 13"" 256GB SSD Apple M1 Chip 8GB macOS Space Gray",$605.00,+$12.55 shipping,2024-07-24 10:59:43.389930
APPLE IMAC ME086LL/A | INTEL CORE I5-4570R | 1TB/120GB | 16GB RAM | MOJAVE,$29.99,Free shipping,2024-07-24 10:59:43.391945
"Apple A1398 MacBook Pro 2013 15"" Intel i7-4850HQ 8GB 256GB SSD Fair 10.15",$129.99,Free shipping,2024-07-24 10:59:43.395479
"Apple MacBook Pro A1286 6,2 (Mid-2010) 15"" | 2.70GHz i7-620M | 8GB DDR3 | DVD-RW",$37.99,+$22.93 shipping,2024-07-24 10:59:43.400405
Apple MacBook Pro 2017 Intel Core i7-7700HQ 2.8GHz 16GB RAM macOS 13 (READ)#2377,$279.95,Free shipping,2024-07-24 10:59:43.402792
"APPLE IMAC 21.5"" MRT42LL/A | INTEL CORE I5-8500 | 1TB | 8GB RAM | CATALINA",$31.00,Free shipping,2024-07-24 10:59:43.404502
"Apple MacBook Pro Mid 2014 Intel Core i7-4770HQ 2.2GHz 16GB RAM NO SSD 15""",$0.99,+$24.81 shipping,2024-07-24 10:59:43.406200
"MacBook Pro 2017 13"" - 8GB RAM, 250GB SSD 2 Thunderbolt Ports (READ DESCRIPTION)",$150.00,+$29.25 shipping,2024-07-24 10:59:43.408453
"MacBook Air 6,2 13.3"" Mid 2013 | i5-4250U | 4GB RAM | 121GB SSD | LINUX | READ",$88.80,+$14.81 shipping,2024-07-24 10:59:43.413702
APLE MACBOOK PRO A2338 M1 CHIP 3.2GHZ 8 CORE 500GB SSD 8GB RAM MAC OS VENTURA,$649.00,Free shipping,2024-07-24 10:59:43.415511
"New ListingApple MacBook Pro 2019 A1990 15"" (i7 @2.6GHz, 16GB 256GB SSD) MacOS Sonoma No AC",$370.00,Free shipping,2024-07-24 10:59:43.417171
"Apple MacBook Pro 15"" 2019 i9-9880H 2.3GHz 16GB RAM 512 SSD Sonoma",$399.00,+$17.39 shipping,2024-07-24 10:59:43.418772
New ListingApple MacBook Pro A1990 2018 Core i9 / 32GB RAM BTO/CTO Space Gray,$91.00,+$26.99 shipping,2024-07-24 10:59:43.420629
2017 Macbook Air 13 Inch Intel Core i5 8GB Ram 121 GB Storage,$190.00,+$15.00 shipping,2024-07-24 10:59:43.422196
"Apple A2251 MacBook Pro 2020 13"" Intel i5-1038NG7 16GB 1TB SSD Fair No BATT",$399.99,Free shipping,2024-07-24 10:59:43.424626
"Apple MacBook Air A1465 11.6"" Intel Core i5-3317U 1.7GHz 4GB RAM 64GB SSD",$60.00,+$11.01 shipping,2024-07-24 10:59:43.426108
"Apple A1398 MacBook Pro 15.4"" 2014 Intel i7-4870HQ 16GB CC 594 Bad Batt No SSD",$149.99,+$12.83 shipping,2024-07-24 10:59:43.429424
"APPLE IMAC 21.5"" ME086LL/A | INTEL CORE I5-4570R | 256GB | 8GB RAM | HIGH SIERRA",$29.99,Free shipping,2024-07-24 10:59:43.438269
"2010 MacBook Air 11"" Laptop Intel Core 2 Duo SU9400 CPU 2GB RAM 64GB SSD",$9.99,+$15.60 shipping,2024-07-24 10:59:43.439996
APPLE MACBOOK PRO A2251 2560X1600 CORE I5-1038NG7 500GB SSD 16GB RAM NO O.S,$389.98,Free shipping,2024-07-24 10:59:43.444653
"Apple A1398 MacBook Pro 15"" 2015 Intel i7-4870HQ 16GB No Battery HDD",$174.99,+$12.70 shipping,2024-07-24 10:59:43.446732
APPLE MACBOOK AIR A2337 2560X1600 CORE M1 3.2GHz 256GB SSD 8GB RAM SONOMA OS,$499.98,Free shipping,2024-07-24 10:59:43.452276
(Lot of 3) Apple MacBook Pro A1278 i5-2415M 2.3GHz 4GB RAM (No Batteries),$85.00,+$19.98 shipping,2024-07-24 10:59:43.454063
Apple MacBook Air MJVE2LL/A 2015 Core i5-5250U 1.6GHz 8GB RAM 128GB HDD Monterey,$100.00,+$12.50 shipping,2024-07-24 10:59:43.455939
"Apple A1398 MacBook Pro 2015 15"" Intel i7-4870HQ 16GB 500GB SSD Fair 10.15",$219.99,Free shipping,2024-07-24 10:59:43.457451
"Apple Macbook Air 11"" A1465 Mid 2013 i5 1.3GHz 128GB SSD 4GB W/Case And Charger",$99.00,+$19.40 shipping,2024-07-24 10:59:43.459023
"Apple A2141 MacBook Pro 2019 16"" Intel i7-9750H 16GB 512GB SSD Bright Spots",$389.99,Free shipping,2024-07-24 10:59:43.462750
MACBOOK PRO A1706  INTEL CORE i7-7567U CPU  3.50GHz  16GB RAM  NO HDD,$299.99,Free shipping,2024-07-24 10:59:43.464247
"Apple MacBook Pro A1278 8,1 13.3"" 2.8GHz i7 4GB 500GB 10.13(Grade A No AC/Wi-Fi)",$111.99,+$17.70 shipping,2024-07-24 10:59:43.471230
"Apple MacBook Pro A1278 8,1 13.3"" 2.4GHz i5-2435M 4GB RAM 250GB SSD 10.13 GradeA",$61.19,+$17.70 shipping,2024-07-24 10:59:51.570878
"Apple MacBook Pro A1278 7,1 13.3"" 2.4GHz C2D 8GB 500GB HDD 10.13 (Grade A No AC)",$68.39,+$17.70 shipping,2024-07-24 10:59:51.572694
"Apple MacBook Pro A1278 8,1 13.3"" 2.4GHz i5 4GB RAM 500GB HDD 10.13 Grade C NoAC",$53.99,+$17.70 shipping,2024-07-24 10:59:51.574479
"Apple MacBook Pro A1278 8,1 13.3"" 2.4GHz i5 4GB 256GB 10.13 Grade A No AC/Wi-Fi",$64.79,+$17.70 shipping,2024-07-24 10:59:51.576164
"Macbook Air A2337 M1 13"" 2020 8GB 512GB SSD Gold",$528.10,Free shipping,2024-07-24 10:59:51.579038
"Apple A1466 MacBook Air 2015 13"" Intel i5-5250U 4GB 256GB SSD CC 229 10.15",$83.99,Free shipping,2024-07-24 10:59:51.583069
APPLE MACBOOK PRO A2251 2560X1600 CORE I7-1068NG7 500GB SSD 16GB RAM NO O.S,$389.00,Free shipping,2024-07-24 10:59:51.585235
"Apple A1466 MacBook Air 2015 13"" Intel i5-5250U 8GB CC 684 Fair No SSD",$109.99,Free shipping,2024-07-24 10:59:51.587880
"Apple A1706 MacBook Pro 2017 13"" Intel i5-7267U 8GB 1TB SSD Parts Repair 10.15",$209.99,Free shipping,2024-07-24 10:59:51.590193
"New ListingApple MacBook Pro 13 Intel Core i7-5557U 3.1GHz 16GB RAM 1TB SSD MF843LL/A, Good",$299.99,Free shipping,2024-07-24 10:59:51.591867
Apple Macboo Pro 15-inch late 2013 i7 Quad-Core 2.6GHz 16GB RAM 2TB SSD  GT 750M,$279.95,+$18.46 shipping,2024-07-24 10:59:51.593742
"Apple MacBook Pro A1278 8,1 13.3"" 2.3GHz i5 12GB 500GB HDD 10.13 (Grade A No AC)",$64.79,+$17.70 shipping,2024-07-24 10:59:51.595520
"Apple MacBook Pro 8,1 A1278 15.4"" 2.3GHz i5 4GB 120GB SSD 10.13 (Grade A No AC)",$61.19,+$17.70 shipping,2024-07-24 10:59:51.597326
"2017 Apple MacBook Air 13"" i5 1.8GHz 8GB RAM 128GB SSD Silver MQD32LL/A",$134.99,Free shipping,2024-07-24 10:59:51.599522
"Apple MacBook 12"" Mid-2017 A1534 i7-7Y75 8GB 256GB SSD dual core Retina Great!",$431.99,+$24.39 shipping,2024-07-24 10:59:51.601225
"Apple A2159 MacBook Pro 13"" 2019 Intel i5-8257U 8GB RAM 128GB SSD CC 588 10.15",$334.99,+$12.83 shipping,2024-07-24 10:59:51.608640
"MacBook Pro 15"" Core i7 2.2GHz 16GB RAM DDR3 500GB SSD Grade C- A1398 Mid 2014",$135.00,+$16.54 shipping,2024-07-24 10:59:51.610137
APPLE MACBOOK PRO A2141 3072X1920 I7-9750H 500GB SSD 16GB RAM AMD GPU NO O.S,$449.98,Free shipping,2024-07-24 10:59:51.611641
"2015 Apple MacBook Air 13"" i5 1.6GHz 8GB RAM 500GB HDD Space Gray A1466",$109.99,Free shipping,2024-07-24 10:59:51.613122
"Apple A1466 MacBook Air 13"" 2014 Intel Duo Core i7 8GB RAM 256GB SSD Big Sur",$119.99,+$19.99 shipping,2024-07-24 10:59:51.614622
"Apple MacBook Pro A1278 8,1 13.3"" 2.3GHz i5 8GB 500GB HDD 10.13 (Grade B No AC)",$61.19,+$17.70 shipping,2024-07-24 10:59:51.616402
"Apple MacBook Pro A1286 5,4 15.4"" 2.53GHz C2D 4GB 120GB SSD 10.11 Grade A No AC",$79.99,+$17.70 shipping,2024-07-24 10:59:51.618093
"Apple MacBook Pro A1278 8,1 13.3"" 2.7GHz i7 4GB RAM 500GB HDD 10.13 Grade B NoAC",$93.59,+$17.70 shipping,2024-07-24 10:59:51.619892
"Apple MacBook Pro A1278 8,1 13.3"" 2.3GHz i5 10GB 500GB 10.13 Grade B No AC/Wi-Fi",$53.99,+$17.70 shipping,2024-07-24 10:59:51.621681
New ListingApple iPhone 12 mini - 64 GB - Black (Unlocked) (( Back Camera Craked )),$150.00,Free shipping,2024-07-24 10:59:51.623343
"APPLE MACBOOK PRO 15"" MID-2014 CORE I7-4870HQ 2.5GHZ 16GB RAM NO HD",$98.97,+$15.95 shipping,2024-07-24 10:59:51.625040
"Apple MacBook Pro - MPXQ2LL/A 13"" I5 2.3GHZ 8GB 250GB SSD GRAY 2017",$191.25,Free shipping,2024-07-24 10:59:51.626832
Apple MacBook Air A1466 Intel Core i7-4650U 1.7GHz 8GB 512GB SSD MacOS,$189.00,+$17.78 shipping,2024-07-24 10:59:51.628330
"Apple A1466 MacBook Air 2013 13"" Intel i5-4250U 8GB 256GB SSD Bright Spots",$47.99,+$13.14 shipping,2024-07-24 10:59:51.630644
Apple Macbook Pro 13'' Retina i7-7567U 3.5GHz 16GB 512GB MPXV2LL/A *See Descrip*,$276.30,Free shipping,2024-07-24 10:59:51.634289
"MacBook Pro Late 2013 15"" Core i7 2.0GHz 8GB RAM DDR3 256GB SSD Grade C+ A1398",$155.00,+$16.54 shipping,2024-07-24 10:59:51.635821
"(Read Description) 1.5GHz PowerBook G4 12"" with 1.25GB RAM",$50.00,+$6.78 shipping,2024-07-24 10:59:51.637464
"APPLE MACBOOK PRO 13"" MID-2017 CORE I5-7360U 2.3GHZ 8GB RAM NO HD *",$119.95,+$15.95 shipping,2024-07-24 10:59:51.638976
APPLE MACBOOK PRO A2251 2560X1600 CORE I7-1068NG7 500GB SSD 16GB RAM NO O.S,$389.00,Free shipping,2024-07-24 10:59:51.640504
APLE MACBOOK PRO A2338 M1 CHIP 3.2GHZ 8 CORE 500GB SSD 8GB RAM MAC OS VENTURA,$649.00,Free shipping,2024-07-24 10:59:51.644006
APPLE MACBOOK PRO A2251 2560X1600 CORE I5-1038NG7 500GB SSD 16GB RAM NO O.S,$369.00,Free shipping,2024-07-24 10:59:51.645516
"Apple Macbook Pro 2019 15"" | i7-9750H, 32GB, 500GB, AMD 555X, Touchbar, Mojave",$399.99,Free shipping,2024-07-24 10:59:51.647114
APPLE MACBOOK PRO A2251 2560X1600 CORE I5-1038NG7 500GB SSD 16GB RAM NO O.S,$359.00,Free shipping,2024-07-24 10:59:51.650332
"Apple MacBook Air 13.3"" MQD32LL/A (2017 Silver) (Intel i5@1.8GHz/8GB/128GB)  500",$159.99,Free shipping,2024-07-24 10:59:51.652638
"Apple MacBook Pro (15,2) MV962LL/A i5-8279U 2.4GHz 8GB 256GB Sonoma AC Adapter",$309.98,Free shipping,2024-07-24 10:59:51.654911
"Apple MacBook PRO 11,2 LATE 2013 15.4"" Core i7-4750HQ 2.0GHz 8GB RAM 256GB SSD",$115.00,+$13.70 shipping,2024-07-24 10:59:51.656432
"Apple MacBook A1342 13"" Laptop Intel Core 2 Duo P7550 2.26GHz 2GB RAM 250GB HDD",$19.99,+$12.83 shipping,2024-07-24 10:59:51.658018
New Listing2017 Apple MacBook Air A1466 i5 1.8 GHz 8GB RAM 128GB SSD SN: C02WQA52J1WK,$129.00,+$16.00 shipping,2024-07-24 10:59:51.662096
New ListingApple MacBook Air 13 Retina 2020 A2179 i3-1000NG4/8GB/256GB  Silver,$5.50,+$26.99 shipping,2024-07-24 10:59:51.664067
"Apple MacBook Air 4,2 A1369 13.3"" Intel Core i5-2557M 4GB RAM 128GB SSD Mid-2011",$40.00,+$11.98 shipping,2024-07-24 10:59:51.665706
"APPLE MACBOOK AIR 2017 13"" CORE I5-5350U 1.8GHZ 8GB RAM NO HD",$53.97,+$15.95 shipping,2024-07-24 10:59:51.667415
"MacBook Pro 15"" Core i7 2.2GHz 16GB RAM DDR3 256GB SSD Grade B- A1398 Mid 2015",$185.00,+$16.54 shipping,2024-07-24 10:59:51.668905
New Listing2017 Apple MacBook Air A1466 i5 1.8 GHz 8GB RAM 128GB SSD SN: C02WQA3FJ1WK,$129.00,+$16.00 shipping,2024-07-24 10:59:51.670473
"Apple MacBook Pro 13"" 2019 A1989 i7 2.8GHz 16GB 512GB SSD (READ DESC (E14001722)",$225.00,+$9.99 shipping,2024-07-24 10:59:51.676443
"Apple A1502 MacBook Pro 2015 13"" Intel i7-5557U 8GB CC 652 Fair No SSD",$149.99,Free shipping,2024-07-24 10:59:51.677952
Apple MacBook Pro A2159 EMC-3301 POWERS ON i5-8th Gen 8GB RAM No HDD No OS READ,$224.95,Free shipping,2024-07-24 10:59:51.679484
"New ListingApple MacBook Pro 13"" (500GB, Intel Core i5-2435M, 2.40 GHz, 4GB) Laptop A1278",$119.00,+$19.99 shipping,2024-07-24 10:59:51.685747
"Apple MacBook Air A1304 13.3"" Intel Core 2 Duo 2.13GHz 2GB Ram 121GB HDD",$71.99,Free shipping,2024-07-24 10:59:51.687840
"Apple MacBook Pro Retina 15"" 6-Core i7 2.6GHz 16GB RAM 500GB SSD 2018",$299.00,+$25.00 shipping,2024-07-24 10:59:51.689730
"2023 Apple MacBook Air 15"" M2 3.5GHz 16GB RAM 500GB SSD Midnight A2941",$999.99,Free shipping,2024-07-24 10:59:51.693347
"Apple MacBook 10,1 i7-7Y75 1.30GHz 500GB NVME 16GB Space  Gray NO AC",$255.95,Free shipping,2024-07-24 10:59:51.694860
"Apple A1502 MacBook Pro 2015 13"" Intel i5-5257U 8GB 256GB SSD Bright Spots",$109.99,Free shipping,2024-07-24 10:59:51.698657
"Apple A2141 MacBook Pro 2019 16"" Intel i7-9750H 16GB 512GB SSD Bright Spots",$389.99,Free shipping,2024-07-24 10:59:51.702106
"Apple A1466 MacBook Air 2015 13"" Intel i5-5250U 8GB Fair No SSD",$89.99,+$13.14 shipping,2024-07-24 10:59:51.704237
"New ListingApple MacBook Air 13"" i5 1.8GHz 8GB RAM 128GB SSD A1466 - 2017",$139.99,+$14.99 shipping,2024-07-24 10:59:51.705807
A1465 MacBook Air i5 1.3GHz 8GB 256GB SSD macOS High Sierra,$99.99,+$12.79 shipping,2024-07-24 10:59:51.708971
Apple MacBook Pro A1989 EMC-3358 NO BOOT i5-8th Gen 8GB RAM No HDD No OS READ,$149.95,Free shipping,2024-07-24 10:59:51.710472
"2017 Apple Macbook Air w 1.8GHz Intel Core i5 (13-in, 8GB RAM,128GB SSD Storage)",$220.00,+$18.25 shipping,2024-07-24 10:59:51.712052
(2) Apple Macbook Pro A1286 A1278 Laptops No HDD Parts Repair 4GB 8GB RAM Power,$69.99,+$15.00 shipping,2024-07-24 10:59:51.713979
"Apple A1297 MacBook Pro 2009 17.3"" Intel C2D-T9600 4GB Fair No HDD COA",$59.99,+$15.57 shipping,2024-07-24 10:59:51.719523
APPLE MACBOOK PRO A2251 2560X1600 CORE I5-1038NG7 500GB SSD 16GB RAM NO O.S,$379.00,Free shipping,2024-07-24 10:59:51.721896
"Apple MacBook Air A1466 5,2 (Mid-2012) 13.3"" | 2.00GHz Core i7-3667U | 8GB DDR3",$62.99,+$17.40 shipping,2024-07-24 10:59:51.727683
Apple Macbook Pro 13 Mid 2012 A1278 I5 2.5GHz 8GB 500GB HD MD101LL/A 10.15 Catal,$104.00,+$15.35 shipping,2024-07-24 10:59:51.734760
"MacBook Pro 2012 A1278 13"" i5 2.5Ghz 8GB 256SSD MacOS Catalina 10.15",$112.70,Free shipping,2024-07-24 10:59:51.736849
APPLE MACBOOK PRO A2251 2560X1600 CORE I5-1038NG7 500GB SSD 16GB RAM NO O.S,$369.00,Free shipping,2024-07-24 10:59:51.738360
"Apple Macbook Pro 13"" I5 3.1 GHZ, A1706, 16GB, 512GB SSD Touch Bar",$379.00,Free shipping,2024-07-24 10:59:51.741893
APPLE MACBOOK PRO A2251 2560X1600 CORE I7-1068NG7 500GB SSD 16GB RAM NO O.S,$599.00,Free shipping,2024-07-24 10:59:51.743397
"FOR PARTS Apple Macbook Pro Mid 2017 13"" A1708 I5 2.3GHz 16GB NO SSD DETECTED",$90.00,+$39.85 shipping,2024-07-24 10:59:51.744897
Apple MacBook Pro 15-Inch 2016 i7-Quad-Core 16GB RAM 1TB SSD macOS Monterey,$395.00,Free shipping,2024-07-24 10:59:51.746478
APPLE MACBOOK PRO A2141 3072X1920 I9-9980HK 500GB SSD 16GB RAM AMD GPU NO O.S,$419.98,Free shipping,2024-07-24 10:59:51.748268
"Broken Screen - 2020 Apple MacBook Air 13.3"" M1 3.2GHz 8GB RAM 256GB SSD",$400.00,+$20.00 shipping,2024-07-24 10:59:51.751718
APPLE MACBOOK PRO A1708(2017)/Core i5@2.30GHZ/16GB RAM/256 GB SSD NO IOS,$254.99,+$15.00 shipping,2024-07-24 10:59:51.753580
"Apple Macbook Pro i5  13"" 2.8GHZ, A1502, 16GB, 512GB SSD",$199.00,Free shipping,2024-07-24 10:59:51.755198
Apple iPhone 14 Plus - 128 GB - Blue (T-Mobile) ( cracked ),$189.99,Free shipping,2024-07-24 10:59:51.756824
"Apple MacBook Air A1466  13.3"" Intel 6000 Graphics 8GB DDR3 | No HDD",$79.95,+$15.00 shipping,2024-07-24 10:59:51.758933
Apple MacBook Air A1369 i7-2677M 1.8GHz 4GB RAM - 2011,$70.00,+$14.89 shipping,2024-07-24 10:59:51.760744
Apple MacBook Pro A1278 i5-3210M 2.5GHz 4GB RAM - 2012,$65.00,+$14.89 shipping,2024-07-24 10:59:51.763946
APPLE MACBOOK PRO A2251 2560X1600 CORE I5-1038NG7 500GB SSD 16GB RAM NO O.S,$399.00,Free shipping,2024-07-24 10:59:51.765747
APPLE MACBOOK PRO A2251 2560X1600 CORE I5-1038NG7 500GB SSD 16GB RAM NO O.S,$369.00,Free shipping,2024-07-24 10:59:51.767247
"Apple MacBook Pro A1278 8,1 13.3"" 2.3GHz i5 8GB 120GB 10.13 Grade A No AC/Wi-Fi",$57.59,+$17.70 shipping,2024-07-24 10:59:51.769087
"Apple MacBook Pro A1278 8,1 13.3"" 2.3GHz i5 4GB 256GB 10.13(Grade B No AC/Wi-Fi)",$53.99,+$17.70 shipping,2024-07-24 10:59:51.770824
APPLE MACBOOK PRO A2251 2560X1600 CORE I5-1038NG7 500GB SSD 16GB RAM NO O.S,$399.00,Free shipping,2024-07-24 10:59:59.718162
APPLE MACBOOK PRO A2251 2560X1600 CORE I5-1038NG7 500GB SSD 16GB RAM NO O.S,$369.00,Free shipping,2024-07-24 10:59:59.719870
"Apple MacBook Pro A1278 8,1 13.3"" 2.3GHz i5 8GB 120GB 10.13 Grade A No AC/Wi-Fi",$57.59,+$17.70 shipping,2024-07-24 10:59:59.721598
"Apple MacBook 2015 MF855LL/A Core M-5Y31 1.10GHz, 256GB/8GB, Big Sur",$169.98,+$13.88 shipping,2024-07-24 10:59:59.725866
APPLE MACBOOK PRO A2141 3072X1920 I9-9980HK 1TB SSD 32GB RAM AMD GPU NO O.S,$609.98,Free shipping,2024-07-24 10:59:59.727424
"APPLE MACBOOK PRO 15"" MID-2015 CORE I7-4870HQ 2.5GHZ 16GB RAM NO HD",$86.97,+$15.95 shipping,2024-07-24 10:59:59.729113
"MacBook Pro 2019 13"" Touch Bar - Core i5, 8GB RAM, 256GB SSD - Chinese (Zhuyin)",$349.00,Free shipping,2024-07-24 10:59:59.731281
Apple MacBook Pro A2289 i7-8557U 1.70GHZ 16GB 256GB,$399.00,+$20.54 shipping,2024-07-24 10:59:59.740731
APPLE MACBOOK PRO A2251 2560X1600 CORE I5-1038NG7 500GB SSD 16GB RAM NO O.S,$389.98,Free shipping,2024-07-24 10:59:59.742237
"New ListingApple Macbook Pro i7  13"" 3.1GHZ, A1502, 8GB, 512GB SSD",$229.00,Free shipping,2024-07-24 10:59:59.750800
Apple MacBook Pro 2019 16in A2141 i7-9750H @2.6GHz 16GB RAM 512GB Sonoma 5300M,$524.00,+$14.19 shipping,2024-07-24 10:59:59.752349
"APPLE MACBOOK PRO 15"" 2014 CORE I7-4770HQ 2.2GHZ 16GB RAM NO HD",$129.95,+$15.95 shipping,2024-07-24 10:59:59.754129
"APPLE MACBOOK PRO A1502 i5-5257u CPU 2.70GHz 13.3"" 8GB RAM NO HDD",$199.99,Free shipping,2024-07-24 10:59:59.755659
"Apple MacBook Pro 13"" A1502 Core i5 2.6GHz 8GB / 256GB RAM Iris Graphics  1536MB",$238.00,+$19.99 shipping,2024-07-24 10:59:59.758412
"2019 Apple MacBook Air 13.3"" i5 1.6GHz 8GB RAM 256GB SSD Space Gray A1932",$299.99,Free shipping,2024-07-24 10:59:59.762482
"APPLE MACBOOK PRO MID-2015 15"" CORE I7-4870H 2.5GHZ 16GB RAM NO HD",$95.97,+$15.95 shipping,2024-07-24 10:59:59.764524
"APPLE MACBOOK 12"" EARLY 2015 1.1 GHZ CORE M-5Y31 8GB RAM NO HD",$86.97,+$15.95 shipping,2024-07-24 10:59:59.766313
"2011 Apple MacBook Pro 13"" Laptop Intel i5-2415M CPU 4GB RAM 320GB HDD",$9.99,+$21.89 shipping,2024-07-24 10:59:59.768076
"Apple MacBook Air (2020) - MGN63LL/A - 8GB RAM - 256GB SSD - 13.3"" (HE3031776)",$479.85,+$25.00 shipping,2024-07-24 10:59:59.770648
"MacBook Air 2018 13.3"" Retina Display - Core i5, 8GB RAM, 128GB SSD - Space Gray",$299.00,Free shipping,2024-07-24 10:59:59.772935
"MacBook Pro A1260, 2008, 15""  2.4GHz Core-2-Duo 2GB RAM, 500gb Hd",$65.00,+$10.65 shipping,2024-07-24 10:59:59.774591
Apple MacBook Pro A1297 i5-540M 2.53GHz 4GB RAM (2010),$100.00,+$15.51 shipping,2024-07-24 10:59:59.776115
"Apple A1708 MacBook Pro 2017 13"" Intel i7-7660U 16GB 51GB SSD CC 296 10.15",$349.99,Free shipping,2024-07-24 10:59:59.778342
MacBook Pro 2019  A2141 Intel Core i7-9750H 2.6 GHz 16GB RAM 1TB SSD CYCLES 185,$569.99,Free shipping,2024-07-24 10:59:59.780510
"Apple MacBook Air 2013 Laptop i7-4650U 1.7GHz 8GB RAM 11"" 120GB SSD 025",$110.99,+$12.80 shipping,2024-07-24 10:59:59.782538
"Apple Macbook Pro 15.4"" i7 2.9 GHZ, A1707, 16GB, 512GB SSD Touch Bar Without Box",$349.00,Free shipping,2024-07-24 10:59:59.787758
MACBOOK PRO MID 2013 CORE i5 @ 2.60Ghz 8GB RAM 128GB SSD Big Sur,$135.00,+$15.00 shipping,2024-07-24 10:59:59.789353
Apple Macbook Pro 2019 15in Retina 555X i7-9750H@2.6GHz 16GB 512GB Sonoma A1990,$557.49,+$15.57 shipping,2024-07-24 10:59:59.790851
"Apple Macbook Pro 13"" I5 3.1 GHZ, A1706, 16GB, 256GB SSD Touch Bar",$399.00,Free shipping,2024-07-24 10:59:59.795483
"DELL LATITUDE 5520 15"" i5 2.40GHz 8GB RAM 256GB SSD Grade D",$237.49,Free shipping,2024-07-24 10:59:59.801449
MacBook Pro 15 Touch Bar Space Gray 2017 3.1 GHz i7 16GB 1TB SSD,$399.99,Free shipping,2024-07-24 10:59:59.803536
Apple Macbook Pro 2021 A2485 16in M1 Pro 16GB RAM 512GB SSD Sonoma,"$1,289.00",+$14.19 shipping,2024-07-24 10:59:59.806380
"Apple A1466 MacBook Air 2014 13"" Intel i5-4260U 4GB CC 570 Fair No SSD",$69.99,+$13.14 shipping,2024-07-24 10:59:59.808495
Apple MacBook Pro- A1398- i7-4980HQ 2.8GHz- 16GB RAM- No SSD- Mid 2015- READ 22,$149.99,+$14.99 shipping,2024-07-24 10:59:59.810063
"Apple Macbook Pro2016 15"" 2K i7-6820HQ@2.70Ghz 16GB RAM 500GB SSD Catalina READ",$275.92,+$20.32 shipping,2024-07-24 10:59:59.811550
"MacBook Pro Core 15"" Early 2013 I7-3635QM 2.4GHz 8GB RAM 128GB SSD",$129.59,Free shipping,2024-07-24 10:59:59.813040
Apple A1278 MacBook Pro 13 2011 Intel i5 320GB SSD 10.13 W Charger,$67.96,+$19.20 shipping,2024-07-24 10:59:59.815099
Apple Macbook Pro 2020 A2251 13in i7-1068NG7 @2.3GHz 16GB RAM 512GB macOS Sonoma,$534.00,+$14.19 shipping,2024-07-24 10:59:59.816597
"Apple MacBook Pro A1278 Mid-2012 13.3"" Core i5-3210M 2.5GHz 4GB RAM 250GB SSD",$100.00,+$11.80 shipping,2024-07-24 10:59:59.818080
"Apple MacBook Air 13.6"" (256GB SSD, M2, 8GB) A2681 - Silver - 2022 NEW IN BOX",$859.99,Free shipping,2024-07-24 10:59:59.819597
APPLE MACBOOK PRO A2251 2560X1600 CORE I5-1038NG7 500GB SSD 16GB RAM NO O.S,$399.00,Free shipping,2024-07-24 10:59:59.821082
"Apple MacBook Air 13.3in  2019 - Intel Core i5 1.6GHz, 8GB RAM, 128G (PD1084799)",$299.99,+$25.00 shipping,2024-07-24 10:59:59.824873
"MacBook Pro 13"", 2020, 2gHz Quadcore Intel Core i5 / 32GB RAM / 1TB SSD",$500.00,+$20.00 shipping,2024-07-24 10:59:59.828894
"Apple A1425 MacBook Pro 2012 13"" Intel i5-3210M 8GB 128GB SSD CC 494 Fair 10.13",$89.99,+$13.14 shipping,2024-07-24 10:59:59.830460
"APPLE MACBOOK PRO A1707 15"" i7 2.90GHz 2017 16GB 1TB Grade C Low Battery Health",$320.99,Free shipping,2024-07-24 10:59:59.832641
"MACBOOK AIR MID 2013 13"" 1.3GHZ CORE I5-4250U 8GB RAM NO HD *",$71.97,+$15.95 shipping,2024-07-24 10:59:59.834411
"APPLE MACBOOK PRO EARLY 2015 13"" CORE I5-5257U 2.7GHZ 8GB RAM NO HD",$83.97,+$15.95 shipping,2024-07-24 10:59:59.837402
APPLE MACBOOK PRO A2251 2560X1600 CORE I5-1038NG7 500GB SSD 16GB RAM NO O.S,$389.98,Free shipping,2024-07-24 10:59:59.842832
"Apple MacBook Pro 13"" A1502 2015 500 GB SSD MONTEREY Core i5 2.7 GHz 16 GB RAM",$189.95,+$19.95 shipping,2024-07-24 10:59:59.844410
"Apple A1278 MacBook Pro 13"" Intel C2D P8600 4GB 250GB HDD 10.13 Bad Battery",$37.49,+$12.83 shipping,2024-07-24 10:59:59.846385
APPLE MACBOOK PRO A2251 2560X1600 CORE I7-1068NG7 500GB SSD 16GB RAM NO O.S,$499.00,Free shipping,2024-07-24 10:59:59.849656
"Apple MacBook A1181 13"" Laptop Intel Core 2 Duo 2.00GHz 1GB RAM 80GB HDD A-153",$26.10,+$14.34 shipping,2024-07-24 10:59:59.853112
"2015 Apple MacBook Air 13"" i5 1.6GHz 8GB RAM 256GB SSD Space Gray A1466",$169.99,Free shipping,2024-07-24 10:59:59.854616
"Apple MacBook 12"" Early 2016 1.1GHz Intel m3 8GB Ram 256GB SSD A1534 MLHE2LL/A",$269.00,Free shipping,2024-07-24 10:59:59.857002
2013 Apple MacBook Air A1466 i5-4250u 1.3GHz 8GB RAM 256GB SSD SN: C02LT497F6T6,$95.00,+$16.00 shipping,2024-07-24 10:59:59.858494
"2019 Apple MacBook Pro 13"" i5 2.4GHz 8GB RAM 512GB SPACE GRAY",$329.00,Free shipping,2024-07-24 10:59:59.863997
"WON'T BOOT MacBook Pro - 16GB RAM - 500GB HD - Core i7 2.4 GHz - 15"" - Late 2011",$45.00,+$10.98 shipping,2024-07-24 10:59:59.866844
Apple MacBook Pro Laptop NO BOOT Intel i5-3210M 4GB RAM No HDD No OS READ,$34.95,+$39.85 shipping,2024-07-24 10:59:59.868633
"APPLE MACBOOK PRO 2015 13"" CORE I5-5257U 2.7GHZ 8GB RAM NO HD ~",$83.97,+$15.95 shipping,2024-07-24 10:59:59.870323
"APPLE MACBOOK PRO 15"" MID-2015 CORE I7-4870HQ 2.5GHZ 16GB RAM NO HD -",$89.97,+$15.95 shipping,2024-07-24 10:59:59.874446
"APPLE MACBOOK PRO EARLY 2015 13"" CORE I5-5257U 2.7GHZ 8GB RAM NO HD",$89.97,+$15.95 shipping,2024-07-24 10:59:59.878695
"Microsoft Surface Pro 6 Laptop Core i5 1.7GHz 8GB RAM 256GB SSD 12"" (2018)  Used",$205.00,+$18.25 shipping,2024-07-24 10:59:59.880410
"MacBook Pro 2019 16"" Touch Bar - Core i9, 16GB RAM, 1TB SSD - Space Gray",$799.00,Free shipping,2024-07-24 10:59:59.885803
"New ListingApple Macbook Pro 13"" I5 3.1 GHZ, A1706, 16GB, 512GB SSD",$299.00,Free shipping,2024-07-24 10:59:59.887766
"Apple Macbook Pro 13"" I7 3.5 GHZ, A1706, 16GB, 512GB SSD Touch Bar",$349.00,Free shipping,2024-07-24 10:59:59.889353
APPLE MACBOOK PRO A2251 2560X1600 CORE I5-1038NG7 500GB SSD 16GB RAM NO O.S,$389.00,Free shipping,2024-07-24 10:59:59.894436
Apple MacBook Air A1466 Intel Core i7-4650U 1.7GHz 8GB 256GB SSD MacOS,$179.00,+$17.78 shipping,2024-07-24 10:59:59.895971
APPLE MACBOOK PRO A2251 2560X1600 CORE I5-1038NG7 500GB SSD 16GB RAM NO O.S,$369.00,Free shipping,2024-07-24 10:59:59.897472
"FOR PARTS Apple MacBook Pro Retina 13"" 2015 Core i5 @3.1GHz 8GB RAM 512GB SSD",$225.00,Free shipping,2024-07-24 10:59:59.899582
"Apple MacBook Pro A1278 8,1 13.3"" 2.3GHz i5 4GB 256GB 10.13 Grade B No AC/Wi-Fi",$53.99,+$17.70 shipping,2024-07-24 11:00:08.314275
"Apple MacBook Pro A1278 8,1 13.3"" 2.3GHz i5 10GB 128GB SSD 10.13 (Grade A No AC)",$61.19,+$17.70 shipping,2024-07-24 11:00:08.315987
"Apple MacBook Pro 13"" A1502 Core i5 2.7GHz / 256GB RAM Iris Graphics  1536MB",$272.00,Free shipping,2024-07-24 11:00:08.318058
"APPLE MACBOOK PRO 2019, 16GB RAM (P15012483)",$276.00,+$30.00 shipping,2024-07-24 11:00:08.319960
APPLE MACBOOK PRO A2251 2560X1600 CORE I5-1038NG7 500GB SSD 16GB RAM NO O.S,$389.98,Free shipping,2024-07-24 11:00:08.321460
"APPLE MACBOOK PRO EARLY 2015 13"" CORE I5-5257U 2.7GHZ 8GB RAM NO HD",$65.97,+$15.95 shipping,2024-07-24 11:00:08.323149
"Apple MacBook Pro 8,1 A1278 13.3"" 2011 Core i5-2415m 2.3GHz 4GB RAM 500GB SSD",$75.00,+$12.81 shipping,2024-07-24 11:00:08.324657
"MacBook Pro 16"" 2019 16GB 500GB 2.6 GHz Core i7 (I7-9750H) L424894A",$389.95,Free shipping,2024-07-24 11:00:08.326244
"Apple Ipad Pro MLQ32LL/A 1674 Apple A9X 2.1 GHz 9.7"" 2GB RAM 128GB HDD",$164.99,Free shipping,2024-07-24 11:00:08.327742
"Apple MacBook Pro A1278 Mid-2010 13.3"" Core 2 Duo P8600 2.4GHz 4GB RAM 120GB SSD",$65.00,+$11.80 shipping,2024-07-24 11:00:08.329525
"Apple MacBook Pro A1278 8,1 13.3"" 2.3GHz i5 10GB 250GB SSD 10.13 (Grade A No AC)",$64.79,+$17.70 shipping,2024-07-24 11:00:08.331225
iMac 21' year 2014 SSD 1TB  Ram 8G macOS BigSur  support 32 GB of ram,$320.48,+$32.00 shipping,2024-07-24 11:00:08.333086
(Lot of 3) Apple MacBook Air A1466 i5-4260u 1.4GHz 4GB RAM - 2014,$210.00,+$16.26 shipping,2024-07-24 11:00:08.336811
"Apple MacBook Pro, 15-Inch, 2015, i7-Quad-Core, 16GB RAM, 500GB SSD, Radeon GPU",$284.05,+$20.00 shipping,2024-07-24 11:00:08.340599
Apple MacBook Pro 2012 Intel i7 2.3GHz 16GB RAM DDR3 256GB SSD Grade C+ A1398,$190.00,+$16.54 shipping,2024-07-24 11:00:08.342095
"Apple MacBook Air Retina 12"" Dual-Core M3 1.1GHz 8GB RAM 251GB SSD Early 2016",$249.00,+$25.00 shipping,2024-07-24 11:00:08.345419
"Broken 2016 Apple MacBook Pro 13.3"" i5 2.0GHz 4GB RAM 250GB Bad Keyboard",$144.99,Free shipping,2024-07-24 11:00:08.349523
"Apple MacBook Air 11"" Mid-2011 Core i5  1.60ghz 2GB RAM 60GB SSD A1370 Parts",$30.00,+$10.05 shipping,2024-07-24 11:00:08.351105
"APPLE MACBOOK PRO 13""  RETINA i5 2.7GHZ 8GB RAM 2TB SSD PCIe / NVMe BACKLIT KB",$599.95,Free shipping,2024-07-24 11:00:08.352910
"Apple MacBook Pro A1278 8,1 13.3"" 2.4GHz i5 4GB 500GB 10.13(Grade B No AC/Wi-Fi)",$67.99,+$17.70 shipping,2024-07-24 11:00:08.354706
"MacBook Air A1369, 2 GB RAM,128 SSD, Silver",$230.00,Free shipping,2024-07-24 11:00:08.356299
Apple A1278 MacBook Pro 13 2011 Intel i5 320GB SSD 10.13 W Charger,$67.96,+$19.20 shipping,2024-07-24 11:00:08.358081
"APPLE MACBOOK AIR EARLY 2015 11"" CORE I5-5250U 1.6GHZ 4GB RAM NO HD",$83.97,+$15.95 shipping,2024-07-24 11:00:08.359817
(Lot of 2) Apple MacBook Pro A1278 C2D P8700 2.53GHz 4GB RAM (2009),$75.00,+$15.51 shipping,2024-07-24 11:00:08.361616
APPLE MACBOOK PRO A2251 2560X1600 CORE I5-1038NG7 500GB SSD 16GB RAM NO O.S,$369.00,Free shipping,2024-07-24 11:00:08.364973
MacBook Early 2008 - 2 GB RAM - 160 GB HDD (No charger),$40.00,+$23.21 shipping,2024-07-24 11:00:08.366580
"New ListingApple MacBook Air Intel i7-5650U 2.2 Ghz 8gb DDR3 500GB HD Graphics 6000 13.3""",$159.99,+$14.47 shipping,2024-07-24 11:00:08.368822
"Apple Ipad A1458 9.7"" / 1536x2048 A6X 1.4Ghz 16GB/1GB IOS 10.3.3",$34.00,Free shipping,2024-07-24 11:00:08.370820
Apple MacBook Pro A1706 EMC-3163 POWERS ON i5-8th Gen 8GB RAM No HDD No OS READ,$199.95,Free shipping,2024-07-24 11:00:08.375157
DELL XPS 13 7390 2 In 1 i5-1035g1 1.00 GHz 8GB RAM 256GB SSD - Grade D,$285.00,Free shipping,2024-07-24 11:00:08.380341
Apple MacBook Air A2179 EMC-3302 NO BOOT i3-10th 8GB RAM No HDD No OS READ,$174.95,Free shipping,2024-07-24 11:00:08.385088
APPLE MACBOOK AIR A1466 CORE I5-5250U 1.60GHz 8GB RAM 256GB SATA SSD,$99.99,+$25.85 shipping,2024-07-24 11:00:08.387117
"Apple MacBook 13"" A1181 2006 Core2 Duo 2GHz / RAM 4GB / HDD 120GB / DVD-RW / OSX",$65.00,+$16.00 shipping,2024-07-24 11:00:08.389745
Apple MacBook Pro A1989 EMC-3358 NO BOOT i5-8th Gen 8GB RAM No HDD No OS READ,$149.95,Free shipping,2024-07-24 11:00:08.391678
"2024 Apple MacBook Air 13"" M3 4.0GHz 8GB RAM 256GB SSD Silver MRXQ3LL/A",$879.99,Free shipping,2024-07-24 11:00:08.395354
"Apple MacBook Air A1466 5,2 (Mid-2012) 13.3"" | 2.80GHz Core i5-3427U | 8GB DDR3",$62.99,+$17.40 shipping,2024-07-24 11:00:08.398146
Apple MacBook Air A1466 i5-3427u 1.8GHz 4GB RAM (2012),$60.00,+$14.89 shipping,2024-07-24 11:00:08.403018
APPLE MACBOOK PRO A2251 2560X1600 CORE I5-1038NG7 500GB SSD 16GB RAM NO O.S,$389.98,Free shipping,2024-07-24 11:00:08.404532
"APPLE MACBOOK AIR 2015 13"" CORE I5-5250U 1.6GHZ 4GB RAM NO HD",$89.97,+$15.95 shipping,2024-07-24 11:00:08.406256
"APPLE MACBOOK PRO 13"" EARLY 2015 CORE I5-5257U 2.7GHZ 4GB RAM NO HD",$65.97,+$15.95 shipping,2024-07-24 11:00:08.407962
APPLE MACBOOK PRO A2251 2560X1600 CORE I5-1038NG7 500GB SSD 16GB RAM NO O.S,$389.98,Free shipping,2024-07-24 11:00:08.411320
"APPLE MACBOOK PRO 16"" (512GB SSD, APPLE M3 PRO, 36GB RAM) LAPTOP - S (MVP022825)","$2,249.99",Free shipping,2024-07-24 11:00:08.413744
Apple MacBook Pro A1989 EMC-3214 NO BOOT i5-8th Gen 8GB RAM No HDD No OS READ,$149.95,Free shipping,2024-07-24 11:00:08.415258
"Apple A1502 MacBook Pro 2015 13"" Intel i5-5287U 8GB CC 536 Fair No SSD",$139.99,Free shipping,2024-07-24 11:00:08.417054
"MACBOOK PRO 15"" MID 2015 2.2GHZ CORE I7-4770HQ 16GB RAM NO HD .",$131.97,+$15.95 shipping,2024-07-24 11:00:08.418766
APPLE MACBOOK PRO A2141 3072X1920 I9-9980HK 500GB SSD 16GB RAM AMD GPU NO O.S,$499.98,Free shipping,2024-07-24 11:00:08.420576
"Apple A1502 MacBook Pro 2013 13"" Intel i5-4288U 8GB Fair No SSD",$139.99,Free shipping,2024-07-24 11:00:08.422693
"MacBook Air ""Core i5"" 1.3 11"" (Mid-2013) 128GB SSD 4GB RAM OS 10.8.5",$99.99,+$12.79 shipping,2024-07-24 11:00:08.424495
Apple MacBook Air A1465 i5-4250u@1.30GHz 4GB/256GB SSD macOS Catalina 2013 CM264,$99.99,+$8.95 shipping,2024-07-24 11:00:08.425997
"Apple MacBook Pro (2019) 16"" Laptop Intel Core i7- 16 GB 256 GB SSD MAC OS X",$499.99,Free shipping,2024-07-24 11:00:08.428591
"APPLE MACBOOK PRO A1707 15"" i7 2.8GHz 2017 16GB 512GB - Grade C Low Battery",$304.94,Free shipping,2024-07-24 11:00:08.431231
APPLE 2020 MACBOOK PRO I5-1038NG7 16GB RAM 512GB *READ DESCRIPTION*  (PPG001472),$370.00,+$20.00 shipping,2024-07-24 11:00:08.433022
Apple Macbook Pro Mid-2009 2x2GB 320GB P8800 A1286 w/ OS for Parts Repair Only,$30.00,+$12.81 shipping,2024-07-24 11:00:08.434823
"Apple MacBook  Pro2011 13"" Core i5-2557M @2.3GHz 8GB / 500GB HDD  MacOs VENTURA",$120.00,+$18.24 shipping,2024-07-24 11:00:08.436417
"APPLE MACBOOK PRO 13"" EARLY 2015 CORE I5-5257U 2.7GHZ 8GB RAM NO HD",$107.97,+$15.95 shipping,2024-07-24 11:00:08.438122
"Apple MacBook Pro 2019 15.4"" Laptop Core i9 2.30 GHz 16 GB 512 GB SSD MAC OS X",$439.99,Free shipping,2024-07-24 11:00:08.440146
APPLE MACBOOK PRO A2141 3072X1920 I9-9980HK 1TB SSD 16GB RAM AMD GPU NO O.S,$549.98,Free shipping,2024-07-24 11:00:08.442965
"APPLE MACBOOK PRO EARLY 2015 13"" CORE I5-5257U 2.7GHZ 8GB RAM NO HD",$92.97,+$15.95 shipping,2024-07-24 11:00:08.444668
APPLE MACBOOK PRO 13 SPACE GRAY 2017 2.3GHZ I5 8GB 256GB SSD,$219.95,+$15.95 shipping,2024-07-24 11:00:08.447409
"APPLE MACBOOK PRO A1398 2015 i7 2.8GHz 15.4"" 16GB 512GB-Good Refurbished",$265.04,Free shipping,2024-07-24 11:00:08.450773
"APPLE MACBOOK PRO 13"" EARLY 2015 CORE I5-5257U 2.7GHZ 8GB RAM NO HD",$107.97,+$15.95 shipping,2024-07-24 11:00:08.452478
USED APPLE MACBOOK AIR A3113 2024 LAPTOP 256GB 8GB APPLE M3 (QUC021893),$899.99,+$17.35 shipping,2024-07-24 11:00:08.457353
"APPLE MACBOOK PRO 13"" MID-2017 CORE I5-7360U 2.3GHZ 8GB RAM NO HD",$119.95,+$15.95 shipping,2024-07-24 11:00:08.458853
APPLE MACBOOK PRO A2141 3072X1920 I9-9980HK 1 TB SSD 16GB RAM AMD GPU NO O.S,$549.98,Free shipping,2024-07-24 11:00:08.460681
"Apple Macbook Pro i7  13"" 2.8GHZ, A1502, 8GB, 256GB SSD",$159.00,Free shipping,2024-07-24 11:00:08.463132
"Apple MacBook Pro 5,1 A1278 Laptop - 2.4 GHz Core 2 Duo - 2GB RAM - READ DESC",$52.47,+$14.98 shipping,2024-07-24 11:00:08.464923
Apple MacBook Air A1465 i5-3317u@1.70GHz 4GB/256GB SSD macOS Catalina 2012 CM267,$69.99,+$4.95 shipping,2024-07-24 11:00:08.466437
"MacBook Air Core i7 Mid 2013 13"" 1.7GHz 8GB RAM DDR3 500GB SSD Grade C+ A1466",$130.00,+$16.54 shipping,2024-07-24 11:00:08.468295
"APPLE MACBOOK PRO 13"" MID-2014 CORE I5-4278U 2.6GHZ 8GB RAM NO HD",$95.97,+$15.95 shipping,2024-07-24 11:00:08.470486
"MacBook Pro 15"" Core i7 2.6GHz 8GB RAM DDR3 500GB SSD Grade C+ A1398 Mid 2012",$195.00,+$16.54 shipping,2024-07-24 11:00:08.472031
APPLE MACBOOK PRO A2251 2560X1600 CORE I5-1038NG7 500GB SSD 16GB RAM NO O.S,$389.98,Free shipping,2024-07-24 11:00:08.473593
APPLE MACBOOK PRO A2141 3072X1920 I9-9980HK 500GB SSD 16GB RAM AMD GPU NO O.S,$499.98,Free shipping,2024-07-24 11:00:08.475112
"2017 Apple MacBook Pro 13.3"" Dual-Core Intel Core i5 2.3GHz 8GB RAM 128GB SSD",$279.99,Free shipping,2024-07-24 11:00:08.478397
"MacBook Pro A1278, Apple, 6 GB RAM, 240 GB SSD, 240 GB HDD,",$290.00,Free shipping,2024-07-24 11:00:08.485846
"Apple MacBook Pro A1278 7,1 13.3"" 2.4GHz C2D 10GB 256GB SSD 10.13 Grade B No AC",$71.99,+$17.70 shipping,2024-07-24 11:00:16.733138
Apple MacBook Pro- A1398- i7-4980HQ 2.80GHz- 16GB RAM- No SSD- Mid 2015- 16,$169.99,+$14.99 shipping,2024-07-24 11:00:16.735947
"Apple Macbook Pro i7  15"" 2.2GHZ, A1990, 16GB, 256GB SSD Touch Bar Without Box",$449.00,Free shipping,2024-07-24 11:00:16.738106
APPLE MACBOOK PRO A2141 3072X1920 I7-9750H 500GB SSD 16GB RAM AMD GPU NO O.S,$669.98,Free shipping,2024-07-24 11:00:16.739653
"APPLE MACBOOK AIR 2015 13"" CORE I5-5250U 1.6GHZ 8GB RAM NO HD """,$65.97,+$15.95 shipping,2024-07-24 11:00:16.741385
"Apple 2013 MacBook Air 6,2 13"" Core i5@1.4GHz(i5-4260U), 4GB Ram, 128GB SSD, B-",$93.50,+$16.00 shipping,2024-07-24 11:00:16.746469
"Apple MacBook Pro 13"" 2015 3.1GHz Core i7 8GB RAM 128GB SSD MF843LL/A, Good",$198.99,Free shipping,2024-07-24 11:00:16.748335
"APPLE MACBOOK PRO 2015 15"" CORE I7-4770HQ 2.2GHZ 8GB RAM NO HD",$113.97,+$15.95 shipping,2024-07-24 11:00:16.750026
"APPLE MACBOOK PRO MID 2014 15"" CORE I7-4870HQ 2.5GHZ 16GB RAM NO HD",$113.97,+$15.95 shipping,2024-07-24 11:00:16.751717
"Apple A1466 MacBook Air 13.4"" 2012 Intel Core i7-3667U 2GHz 8GB 500GB SSD 10.15",$149.99,+$12.83 shipping,2024-07-24 11:00:16.753826
"APPLE MACBOOK PRO MID 2014 15"" CORE I7-4870HQ 2.5GHZ 16GB RAM NO HD """,$131.97,+$15.95 shipping,2024-07-24 11:00:16.759813
"APPLE MACBOOK PRO MID 2015 15"" CORE I7-4770HQ 2.2GHZ 16GB RAM NO HD :",$131.97,+$15.95 shipping,2024-07-24 11:00:16.765047
Refurbed Beautiful Apple MacBook Air 2020 | macOS 14.5 | 256GB SSD | i5 | 8GB,$100.00,Free shipping,2024-07-24 11:00:16.767036
"2018 Apple MacBook Pro Touch Bar 15.4"" Core i7 2.2GHz 16GB RAM 512GB SSD",$498.97,Free shipping,2024-07-24 11:00:16.768631
"Apple Macbook Pro 15.4"" i7 3.1 GHZ, A1707, 16GB, 512GB SSD Touch Bar Without Box",$325.00,Free shipping,2024-07-24 11:00:16.771684
APPLE MACBOOK PRO A2251 2560X1600 CORE I5-1038NG7 500GB SSD 16GB RAM NO O.S,$389.98,Free shipping,2024-07-24 11:00:16.774942
"2017 APPLE IMAC 21.5""FHD i5-7360U 2.3GHZ 8 256GB SSD CRACKED SCREEN/LCD",$92.22,Free shipping,2024-07-24 11:00:16.779586
Apple MacBook Pro A1286 Early 2011 i7-2635QM 4GB RAM No SSD/OS! #69,$63.96,+$19.00 shipping,2024-07-24 11:00:16.784945
"APPLE MACBOOK AIR 2017 13"" CORE I5-5350U 1.8GHZ 8GB RAM NO HD ;",$65.97,+$15.95 shipping,2024-07-24 11:00:16.787151
"Apple 2012 MacBook Pro 15.4"" 2.6GHz i7 | 16GB | 500GB SSD",$199.00,+$29.52 shipping,2024-07-24 11:00:16.789784
"Apple MacBook Pro 2019 A2141 16"" (i7 @2.6GHz, 16GB 512GB SSD) MacOS Sonoma No AC",$450.00,Free shipping,2024-07-24 11:00:16.792648
APPLE MACBOOK PRO A2141 3072X1920 I9-9980HK 1TB SSD 32GB RAM AMD GPU NO O.S,$899.00,Free shipping,2024-07-24 11:00:16.796180
2017 Apple MacBook Air A1466 i5 1.8 GHz 8GB RAM 128GB SSD SN: C02WQAG9J1WK,$129.00,+$16.00 shipping,2024-07-24 11:00:16.799607
"Apple Macbook Pro 15"" 2013 Big Sur/i7/16GB/512GB Laptop! (WMP008690)",$199.99,Free shipping,2024-07-24 11:00:16.801219
"Apple A1502 MacBook Pro 2013 13"" Intel i5-4258U 8GB CC 770 Fair No SSD",$99.99,+$13.14 shipping,2024-07-24 11:00:16.803002
APPLE MACBOOK PRO A2251 2560X1600 CORE I5-1038NG7 500GB SSD 16GB RAM NO O.S,$379.00,Free shipping,2024-07-24 11:00:16.804730
APPLE MACBOOK PRO A2251 2560X1600 CORE I5-1038NG7 500GB SSD 16GB RAM NO O.S,$379.00,Free shipping,2024-07-24 11:00:16.806337
"Apple Macbook Pro 7,1- Core 2 Duo 2.6ghz - 4GB RAM - 320gb HDD - OSX 10.6.8 READ",$57.39,+$14.98 shipping,2024-07-24 11:00:16.808281
"New ListingApple Macbook Pro A1278 Mid-2012 Intel Core i5-3210M 4GB RAM 2.5 GHz - 13""",$29.04,+$18.15 shipping,2024-07-24 11:00:16.810129
APPLE MACBOOK PRO 10.2 (2012) 13'' 8GB (FOR PARTS) Laptop,$30.00,+$9.99 shipping,2024-07-24 11:00:16.811984
"Apple MacBook Pro Retina 15"" Quad-Core i7 2.8GHz 16GB RAM 500GB SSD 2017",$289.00,+$25.00 shipping,2024-07-24 11:00:16.813931
APPLE MACBOOK PRO A2251 2560X1600 CORE I5-1038NG7 500GB SSD 16GB RAM NO O.S,$369.00,Free shipping,2024-07-24 11:00:16.815593
APPLE MACBOOK PRO A2251 2560X1600 CORE I7-1068NG7 500GB SSD 16GB RAM NO O.S,$499.00,Free shipping,2024-07-24 11:00:16.817104
APPLE MacBook Air - A1466 - CORE I5-4250U 1.30 GHZ - 4 GB - MD760LL/A,$54.99,+$9.42 shipping,2024-07-24 11:00:16.819369
"Apple MacBook Pro 13"" i5 2.4GHz 8GB RAM 512GB SSD Touch Bar 2019 SILVER (S561)",$499.00,Free shipping,2024-07-24 11:00:16.820952
"APPLE MACBOOK PRO 13"" EARLY 2013 CORE I5-3230M 2.6GHZ 8GB RAM NO HD",$74.97,+$15.95 shipping,2024-07-24 11:00:16.823267
APPLE MACBOOK PRO A2251 2560X1600 CORE I5-1038NG7 500GB SSD 16GB RAM NO O.S,$369.00,Free shipping,2024-07-24 11:00:16.824772
"Apple MR9Q2LL/A A1989 13"" Macbook Pro i5 2.3GHz 8GB Ram 256GB SSD La (LP1109876)",$380.00,Free shipping,2024-07-24 11:00:16.826559
APPLE MACBOOK PRO A2141 3072X1920 I9-9980HK 1 TB SSD 16GB RAM AMD GPU NO O.S,$609.98,Free shipping,2024-07-24 11:00:16.832597
"Apple MacBook Pro, 15.4"" Display, i7-8850H, 16GB RAM, 500GB SSD, Radeon RX 560X",$516.21,+$41.02 shipping estimate,2024-07-24 11:00:16.835910
Apple Macbook Pro 2019 A1990 15in Retina 555X i7-9750H@2.4GHz 16GB 512GB Sonoma,$549.00,+$14.19 shipping,2024-07-24 11:00:16.837477
"APPLE MACBOOK PRO LATE 2013 15"" CORE I7-4750HQ 2.0GHZ 8GB RAM NO HD",$107.97,+$15.95 shipping,2024-07-24 11:00:16.841418
APPLE MACBOOK PRO A2251 2560X1600 CORE I5-1038NG7 500GB SSD 16GB RAM NO O.S,$389.98,Free shipping,2024-07-24 11:00:16.844978
"MACBOOK AIR MID 2013 13"" 1.3GHZ CORE I5-4250U 8GB RAM NO HD",$71.97,+$15.95 shipping,2024-07-24 11:00:16.846707
APPLE MACBOOK PRO A2251 2560X1600 CORE I5-1038NG7 500GB SSD 16GB RAM NO O.S,$389.98,Free shipping,2024-07-24 11:00:16.851833
"Apple MacBook Air 2011 13"" Core i5-2557M @1.7GHz 4GB / 256GB SSD  MacOs VENTURA",$120.00,+$18.24 shipping,2024-07-24 11:00:16.853879
"MacBook Air 2011 A1369 EMC2469  13"" Core i5 @1.7GHz 4GB, 128GB SSD",$93.00,Free shipping,2024-07-24 11:00:16.855526
"APPLE MACBOOK PRO 13"" MID 2017 CORE I5-7360U 2.3GHZ 8GB RAM NO HD",$169.95,+$15.95 shipping,2024-07-24 11:00:16.858839
APPLE MACBOOK PRO A2251 2560X1600 CORE I5-1038NG7 500GB SSD 16GB RAM NO O.S,$389.98,Free shipping,2024-07-24 11:00:16.860374
APPLE MACBOOK PRO A2251 2560X1600 CORE I5-1038NG7 500GB SSD 16GB RAM NO O.S,$389.98,Free shipping,2024-07-24 11:00:16.861877
APPLE MACBOOK PRO A2251 2560X1600 CORE I5-1038NG7 500GB SSD 16GB RAM NO O.S,$389.98,Free shipping,2024-07-24 11:00:16.863392
"Apple A1466 MacBook Air 2015 13"" Intel i7-5650U 8GB CC 27 Fair No SSD",$129.99,Free shipping,2024-07-24 11:00:16.867624
Apple MacBook Pro A1989 EMC-3358 NO BOOT i5-8th Gen 8GB RAM No HDD No OS READ,$149.95,+$39.85 shipping,2024-07-24 11:00:16.875617
APPLE MACBOOK PRO A2251 2560X1600 CORE I5-1038NG7 500GB SSD 16GB RAM NO O.S,$389.98,Free shipping,2024-07-24 11:00:16.877187
"APPLE MACBOOK PRO 13"" MID-2017 CORE I5-7360U 2.3GHZ 8GB RAM NO HD",$144.95,+$15.95 shipping,2024-07-24 11:00:16.878727
"Apple Macbook Air A1466 2012 13.3"" I5 1.7 GHz 8GB RAM 128GB SSD Laptop Catalina",$109.99,Free shipping,2024-07-24 11:00:16.880347
"Apple A1466 MacBook Air 2013 13"" Intel i7-4650U 8GB CC 187 Fair No SSD",$99.99,+$13.14 shipping,2024-07-24 11:00:16.882200
"2020 Apple MacBook Air 13.3"" M1 3.2GHz 8GB RAM 256GB SSD Silver A2337",$649.99,Free shipping,2024-07-24 11:00:16.884470
"MACBOOK PRO 15"" MID 2014 (DG) 2.5GHZ CORE I7-4870HQ 16GB RAM NO HD +",$131.97,+$15.95 shipping,2024-07-24 11:00:16.892794
2013 MACBOOK PRO 13 QUAD-CORE I7 2.6GHZ 8GB RAM NO SSD,$71.97,+$15.95 shipping,2024-07-24 11:00:16.895072
"FOR PARTS 2009 13"" Apple MacBook A1181 (Core 2 Duo P7450/4GB RAM/NO HDD)",$35.00,+$18.80 shipping,2024-07-24 11:00:16.896581
"2015 APPLE MACBOOK AIR 13"" LAPTOP MJVE2LL/A CORE I5 1.6GHZ 4GB RAM NO HD",$53.97,+$15.95 shipping,2024-07-24 11:00:16.898568
APPLE MACBOOK PRO A1706 2560X1440 CORE I5-6267U 500GB SSD 16GB RAM NO O.S,$279.00,Free shipping,2024-07-24 11:00:16.901728
APPLE MACBOOK PRO A2141 3072X1920 I9-9980HK 500GB SSD 16GB RAM AMD GPU NO O.S,$549.00,Free shipping,2024-07-24 11:00:16.903229
"50 Cycles 2021 Apple MacBook Pro 16"" M1 Pro 16GB RAM 500GB SSD Space Gray A2485","$1,199.00",Free shipping,2024-07-24 11:00:16.905106
UPGRADED APPLE MacBook Pro 17'' Core i7 TURBO 3.5GHz 16GB 4TB SSD 3 YEAR WARNY,"$1,550.99",Free shipping,2024-07-24 11:00:16.908483
"Apple MacBook Air 13"" Core i5 1.7GHz 4GB Ram 64GB SSD -C Grade - See Description",$102.59,Free shipping,2024-07-24 11:00:25.127086
"Apple Macbook Pro2016 13"" i5-6360U@2.0Ghz 8GB RAM 256GB SSD Catalina 2K Screen",$209.98,+$21.07 shipping,2024-07-24 11:00:25.128984
APPLE MACBOOK PRO A2141 3072X1920 I9-9980HK 500GB SSD 16GB RAM AMD GPU NO O.S,$599.00,Free shipping,2024-07-24 11:00:25.132322
"APPLE MACBOOK AIR A1466 2015 13"" 1.6GHz I5 4GB 128GB-Good Refurbished",$152.94,Free shipping,2024-07-24 11:00:25.134000
"Apple A1286 MacBook Pro 15"" Late-2008 Core 2 Duo@2.46GHz, 250GB HDD, 4 GB RAM",$95.00,+$13.11 shipping,2024-07-24 11:00:25.135576
Apple Macbook Pro 13 Mid 2009 A1278 Core 2 DUO 2.26GHz 4GB 500GB HDD MB990LL/A,$50.00,+$13.75 shipping,2024-07-24 11:00:25.137443
APPLE MACBOOK PRO A2251 2560X1600 CORE I5-1038NG7 500GB SSD 16GB RAM NO O.S,$389.98,Free shipping,2024-07-24 11:00:25.138933
Apple MacBook Pro A1989 EMC-3358 NO BOOT i5-8th Gen 8GB RAM No HDD No OS READ,$149.95,+$39.85 shipping,2024-07-24 11:00:25.140452
Apple iPad Air 2 a1567 16GB Tablet WiFi + 4G READ,$49.50,+$8.93 shipping,2024-07-24 11:00:25.142040
Apple MacBook Pro A2338 EMC-3578 BOOTS Apple M1 CPU 8GB RAM NO HDD NO OS READ,$499.95,+$39.85 shipping,2024-07-24 11:00:25.144113
APPLE MACBOOK PRO A2141 3072X1920 I9-9980HK 1 TB SSD 32GB RAM AMD GPU NO O.S,$609.98,Free shipping,2024-07-24 11:00:25.145901
APPLE MACBOOK PRO A1706 2560X1440 CORE I5-6267U 500GB SSD 16GB RAM NO O.S,$279.00,Free shipping,2024-07-24 11:00:25.147395
"MACBOOK PRO 15"" MID 2014 2.2GHZ CORE I7-4770HQ 16GB RAM NO HD """,$89.97,+$15.95 shipping,2024-07-24 11:00:25.151236
"APPLE MACBOOK PRO EARLY 2015 13"" CORE I5-5257U 2.7GHZ 8GB RAM NO HD :",$92.97,+$15.95 shipping,2024-07-24 11:00:25.152932
"Apple MacBook Pro, 15-Inch, 2018, i7-6-Core, 16GB RAM, 500GB SSD, Radeon Pro",$425.00,+$20.00 shipping,2024-07-24 11:00:25.154772
APPLE MACBOOK PRO A2141 3072X1920 I9-9980HK 500GB SSD 16GB RAM AMD GPU NO O.S,$499.98,Free shipping,2024-07-24 11:00:25.156275
APPLE MACBOOK PRO A2141 3072X1920 I7-9750H 500GB SSD 16GB RAM AMD GPU NO O.S,$499.00,Free shipping,2024-07-24 11:00:25.160045
"2017 Apple MacBook Air 13.3"" i5-5350U 1.8GHz 8GB RAM 256GB SSD Silver A1466",$189.99,Free shipping,2024-07-24 11:00:25.162966
APPLE MACBOOK PRO A2251 2560X1600 CORE I5-1038NG7 500GB SSD 16GB RAM NO O.S,$389.98,Free shipping,2024-07-24 11:00:25.166642
Apple MacBook Air A2179  I5 1030NG7 1.10GHz 8GB 256GB SSD,$350.00,+$19.02 shipping,2024-07-24 11:00:25.170909
APPLE MACBOOK EARLY 2013 LAPTOP CORE i7-3740qm @ 2.7Ghz 16GB Boots,$150.00,Free shipping,2024-07-24 11:00:25.174634
APPLE MAC BOOK PRO A2141 EMC 3347 INTEL CORE i9-9980HK 2.4GHz  32GB RAM  1TB SSD,$849.99,Free shipping,2024-07-24 11:00:25.176127
"Apple Macbook Pro Mid 2017 13"" A1708 I5 2.3GHz 16GB 256GB SSD MPXQ2LL/A",$255.00,+$39.85 shipping,2024-07-24 11:00:25.185986
APPLE MACBOOK PRO A2251 2560X1600 CORE I5-1038NG7 500GB SSD 16GB RAM NO O.S,$389.98,Free shipping,2024-07-24 11:00:25.187870
"Apple iPad 2nd Gen 16GB Wi-Fi 9.7"" BLACK Tablet A1395 Locked For Parts 220",$18.32,Free shipping,2024-07-24 11:00:25.190197
MacBook Pro 14 Space Gray 2021 3.2GHz M1 Pro 8-Core CPU 14-Core GPU 16GB 512GB,"$1,250.00",+$10.51 shipping,2024-07-24 11:00:25.191837
APPLE MACBOOK PRO A1990 2880X1800 I7-9750H 500GB SSD 16GB RAM AMD GPU NO O.S,$449.98,Free shipping,2024-07-24 11:00:25.195008
"APPLE MACBOOK PRO 2015 15"" CORE I7-4770HQ 2.2GHZ 8GB RAM NO HD .:",$113.97,+$15.95 shipping,2024-07-24 11:00:25.196718
"Apple MacBook Air 13"" 2013 Core i7-4650U @ 1.7GHz 8GB RAM 128GB SSD",$150.00,+$19.29 shipping,2024-07-24 11:00:25.198301
APPLE MACBOOK PRO A2251 2560X1600 CORE I5-1038NG7 500GB SSD 16GB RAM NO O.S,$389.98,Free shipping,2024-07-24 11:00:25.201457
APPLE MACBOOK PRO A2251 2560X1600 CORE I5-1038NG7 500GB SSD 16GB RAM NO O.S,$389.98,Free shipping,2024-07-24 11:00:25.202942
"Macbook Air 13"" (2013)-i5@1.3GHz 4GB Ram 256GB SSD MacOs Mojave 1440x900(0170)",$90.00,+$14.50 shipping,2024-07-24 11:00:25.207009
APPLE MACBOOK PRO A2141 3072X1920 I9-9880H 1TB SSD 32GB RAM AMD GPU NO O.S,$985.00,Free shipping,2024-07-24 11:00:25.209949
APPLE MACBOOK PRO A2780 3456X2234 M2 PRO 2.42GHz 1TB SSD 32GB RAM OS SONOMA,"$2,231.55",Free shipping,2024-07-24 11:00:25.211739
"APPLE MACBOOK PRO 13"" EARLY 2015 CORE I5-5257U 2.7GHZ 8GB RAM NO HD +",$107.97,+$15.95 shipping,2024-07-24 11:00:25.213991
APPLE MACBOOK PRO A2141 3072X1920 I9-9980HK 500GB SSD 16GB RAM AMD GPU NO O.S,$549.98,Free shipping,2024-07-24 11:00:25.215476
"2015 APPLE MACBOOK AIR 13"" LAPTOP MJVE2LL/A CORE I5 1.6GHZ 4GB RAM NO HD",$77.97,+$15.95 shipping,2024-07-24 11:00:25.217154
APPLE MACBOOK PRO A2251 2560X1600 CORE I5-1038NG7 500GB SSD 16GB RAM NO O.S,$389.98,Free shipping,2024-07-24 11:00:25.218649
"New ListingApple MacBook Pro Retina 13"" Dual-Core i5 2.9GHz 8GB RAM 251GB SSD Late 2016",$259.00,+$25.00 shipping,2024-07-24 11:00:25.220600
APPLE MACBOOK PRO A2251 2560X1600 CORE I5-1038NG7 500GB SSD 16GB RAM NO O.S,$389.98,Free shipping,2024-07-24 11:00:25.222373
"Apple MacBook Pro Retina 15"" Quad-Core i7 2.8GHz 16GB RAM 500GB SSD 2017",$319.00,+$25.00 shipping,2024-07-24 11:00:25.224530
"Apple MacBook Pro 2019 15.4""  Laptop Core i7-9750H 16 GB 256 GB SSD MAC OS X",$419.99,Free shipping,2024-07-24 11:00:25.228438
"Apple Macbook Pro Core i7-3615QM 2.3ghz 13"" 2012 8GB RAM NO HD =",$113.97,+$15.95 shipping,2024-07-24 11:00:25.231370
"iPad 2, 2x 1.0 GHz ARM Cortex-A9 CPU, 16GB Storage, 9.7"" Display",$35.00,+$15.00 shipping,2024-07-24 11:00:25.232946
"DELL LATITUDE 5480 14"" i5-7440HQ 2.80GHz 16GB RAM 512GB SSD WINDOWS 10 PRO",$249.00,Free shipping,2024-07-24 11:00:25.234436
APPLE MACBOOK PRO A1398 2015 i7 2.5GHz 16GB 512GB -Good Refurbished,$422.74,Free shipping,2024-07-24 11:00:25.236128
APPLE MACBOOK PRO A2251 2560X1600 CORE I5-1038NG7 500GB SSD 16GB RAM NO O.S,$399.00,Free shipping,2024-07-24 11:00:25.237623
APPLE MACBOOK PRO A2251 2560X1600 CORE I5-1038NG7 500GB SSD 16GB RAM NO O.S,$389.98,Free shipping,2024-07-24 11:00:25.239411
"Apple MacBook Air 13.3"" Core i5 1.8GHz 8GB RAM 128GB SSD MQD32LL/A",$219.00,Free shipping,2024-07-24 11:00:25.241594
"2015 APPLE MACBOOK AIR 13"" LAPTOP MJVE2LL/A CORE I5 1.6GHZ 4GB RAM NO HD",$77.97,+$15.95 shipping,2024-07-24 11:00:25.244890
"Apple iMac (2013) 27"" AIO Intel Core i5 3.20 GHz 32 GB 1 TB MAC OS X No Stand",$259.99,Free shipping,2024-07-24 11:00:25.246660
APPLE MACBOOK PRO A2251 2560X1600 CORE I5-1038NG7 500GB SSD 16GB RAM NO O.S,$379.00,Free shipping,2024-07-24 11:00:25.248424
"APPLE MACBOOK AIR 2015 13"" CORE I5-5250U 1.6GHZ 8GB RAM NO HD",$89.97,+$15.95 shipping,2024-07-24 11:00:25.252212
Apple MacBook Air A2337 EMC 3598 Apple M1 3.2GHz 8GB RAM 256GB SSD Mac OS Sonoma,$799.00,+$28.46 shipping,2024-07-24 11:00:25.255226
"MACBOOK AIR A1465 i5-5250U CPU 1.60GHz 11.6"" 4GB RAM NO HDD",$70.00,Free shipping,2024-07-24 11:00:25.256717
"Apple Macbook Air 2017 i5-5350U 1.8GHZ 13"" 8GB RAM NO HD",$125.97,+$15.95 shipping,2024-07-24 11:00:25.258398
"MACBOOK AIR EALRY 2015 11"" CORE I5-5250U 1.6GHZ 4GB RAM NO HD",$65.97,+$15.95 shipping,2024-07-24 11:00:25.260109
"iPad Air2 Silver (WiFi + Cellular) / 128GB /MGWQ2LL/A  9.7"" Screen slightly used",$119.00,Free shipping,2024-07-24 11:00:25.265252
APPLE MACBOOK PRO A2141 3072X1920 I7-9750H 500GB SSD 16GB RAM AMD GPU NO O.S,$529.98,Free shipping,2024-07-24 11:00:25.266745
"161 cycle Apple MacBook Air 13"" M1 2020 8CPU/7GPU 8GB 256GB SSD A2337/MGN63LL/A",$569.99,Free shipping,2024-07-24 11:00:25.269971
"FOR PARTS 2011 15.4"" Apple MacBook Pro A1286 (i7-2675QM/4GB RAM/NO HDD)",$35.00,+$18.80 shipping,2024-07-24 11:00:25.272712
"APPLE MACBOOK AIR 2015 13"" CORE I5-5250U 1.6GHZ 4GB RAM NO HD -",$89.97,+$15.95 shipping,2024-07-24 11:00:25.274404
APPLE MACBOOK PRO A2251 2560X1600 CORE I5-1038NG7 500GB SSD 16GB RAM NO O.S,$389.98,Free shipping,2024-07-24 11:00:25.277124
"Apple A1466 MacBook Air 2015 13"" Intel i7-5650U 8GB Missing Key No SSD",$99.99,+$13.14 shipping,2024-07-24 11:00:25.278616
APPLE MACBOOK PRO A2141 3072X1920 I9-9980HK 500GB SSD 16GB RAM AMD GPU NO O.S,$659.98,Free shipping,2024-07-24 11:00:25.280113
"APPLE MACBOOK AIR 2017 13"" CORE I5-5350U 1.8GHZ 8GB RAM NO HD",$101.97,+$15.95 shipping,2024-07-24 11:00:25.282030
"Apple MacBook Air 2011 13"" Core i5-2557M @1.7GHz 4GB / 128GB SSD  MacOs VENTURA",$110.00,+$18.24 shipping,2024-07-24 11:00:25.287146
"MacBook Pro with Touchbar, space gray, 250 GB storage, intel corr i5",$800.00,+$14.84 shipping,2024-07-24 11:00:33.821097
APPLE MACBOOK PRO A2251 2560X1600 CORE I5-1038NG7 500GB SSD 16GB RAM NO O.S,$389.98,Free shipping,2024-07-24 11:00:33.827571
APPLE MACBOOK PRO A2251 2560X1600 CORE I5-1038NG7 500GB SSD 16GB RAM NO O.S,$399.00,Free shipping,2024-07-24 11:00:33.829982
"APPLE MACBOOK PRO MID-2015 15"" CORE I7-4770HQ 2.2GHZ 16GB RAM NO HD .",$98.97,+$15.95 shipping,2024-07-24 11:00:33.834548
"Macbook Air 13"" (2015)-i5@1.6GHz 4GB Ram 256GB SSD MacOs Mojave 1440x900(0106)",$125.00,+$14.50 shipping,2024-07-24 11:00:33.836625
"A1989 MacBook Pro Touch Bar 13""(256 GB SSD Intel Core i5 8th Gen 2.30 Spice Gray",$660.00,Free shipping,2024-07-24 11:00:33.838119
"APPLE MACBOOK PRO 13"" MID-2017 CORE I5-7360U 2.3GHZ 8GB RAM NO HD",$179.95,+$15.95 shipping,2024-07-24 11:00:33.841400
Apple MacBook Pro 2020 A2338 13in M1 8 Core 8GB RAM 256GB SSD Space Gray,$652.80,+$27.96 shipping,2024-07-24 11:00:33.843458
"APPLE MACBOOK AIR 11"" EARLY 2015 CORE I5-5250U 1.6GHZ 4GB RAM NO HD ;",$89.97,+$15.95 shipping,2024-07-24 11:00:33.845143
"APPLE MACBOOK PRO 2015 13"" CORE I5-5257U 2.7GHZ 8GB RAM NO HD '",$95.97,+$15.95 shipping,2024-07-24 11:00:33.848896
APPLE MACBOOK PRO A2141 3072X1920 I9-9980HK 1 TB SSD 16GB RAM AMD GPU NO O.S,$609.98,Free shipping,2024-07-24 11:00:33.850390
"Apple MacBook Pro A1278 8,1 13.3"" 2.3GHz i5 10GB 1TB 10.13 (Grade B No AC/Wi-Fi)",$64.79,+$17.70 shipping,2024-07-24 11:00:33.852161
"APPLE MACBOOK AIR 13"" EARLY 2015 CORE I5-5250U 1.6GHZ 4GB RAM NO HD",$95.97,+$15.95 shipping,2024-07-24 11:00:33.854141
APPLE MACBOOK PRO 13 SPACE GRAY 2017 2.3GHZ I5 8GB 256GB SSD,$219.95,+$15.95 shipping,2024-07-24 11:00:33.857283
"Apple Macbook Pro Mid 2017 13"" A1708 I7 3.5GHz 16GB 500GB SSD",$350.00,+$39.85 shipping,2024-07-24 11:00:33.859158
APPLE MACBOOK PRO A2141 3072X1920 I9-9980HK 500GB SSD 16GB RAM AMD GPU NO O.S,$549.98,Free shipping,2024-07-24 11:00:33.860937
"Apple Macbook Pro 2011 13"" i5-2415M 2.3GHz 4GB RAM 1TB HDD",$70.00,Free shipping,2024-07-24 11:00:33.863734
"2015 APPLE MACBOOKAIR 13"" LAPTOP MJVE2LL/A CORE I5 1.6GHZ 4GB RAM NO SSD",$83.97,+$14.95 shipping,2024-07-24 11:00:33.865463
APPLE MACBOOK PRO A2251 2560X1600 CORE I5-1038NG7 500GB SSD 16GB RAM NO O.S,$389.98,Free shipping,2024-07-24 11:00:33.868658
"2015 Apple MacBook Air 13"" Laptop MJVE2LL/A Core I5 1.6GHZ 4GB RAM 128GB +]",$83.97,+$14.95 shipping,2024-07-24 11:00:33.870459
"Apple MacBook Air 13.3"" i5-8210y 1.6ghz 8GB 128GB SSD MVFH2LL/A 2019 (E14001087)",$469.99,+$9.05 shipping,2024-07-24 11:00:33.872457
Apple mac book pro A1278 intel core i5 2.5 GHz 4GB OS X 10.8.5 512GB HDD,$109.00,+$30.57 shipping,2024-07-24 11:00:33.874066
"APPLE MACBOOK PRO EARLY 2015 13"" CORE I5-5257U 2.7GHZ 8GB RAM NO HD",$83.97,+$15.95 shipping,2024-07-24 11:00:33.876095
"Apple MacBook Pro 13"" A1502 Retina Early 2015 Core i5 2.7GHz 8GB Ram 256GB SSD.",$215.99,Free shipping,2024-07-24 11:00:33.877641
"2015 APPLE MACBOOK AIR 13"" LAPTOP MJVE2LL/A CORE I5 1.6GHZ 4GB RAM NO HDD",$77.97,+$14.95 shipping,2024-07-24 11:00:33.879403
APPLE MACBOOK PRO A2141 3072X1920 I9-9980HK 1TB SSD 32GB RAM AMD GPU NO O.S,$899.00,Free shipping,2024-07-24 11:00:33.883927
"APPLE MACBOOK PRO 15"" 2014 CORE I7-4770HQ 2.2GHZ 16GB RAM NO HD ,",$109.95,+$15.95 shipping,2024-07-24 11:00:33.886451
APPLE MACBOOK PRO A2141 3072X1920 I9-9980HK 500GB SSD 16GB RAM AMD GPU NO O.S,$549.98,Free shipping,2024-07-24 11:00:33.888583
APPLE MACBOOK PRO A2141 3072X1920 I9-9980HK 500GB SSD 16GB RAM AMD GPU NO O.S,$549.98,Free shipping,2024-07-24 11:00:33.890656
"APPLE MACBOOK PRO 2015 15"" CORE I7-4770HQ 2.2GHZ 8GB RAM NO HD",$89.97,+$15.95 shipping,2024-07-24 11:00:33.892667
"Apple MacBook Air (2020, Apple M2, 8GB, 256GB, OS Monterey 12.4) (E10033314)",$749.95,Free shipping,2024-07-24 11:00:33.894826
"Apple MacBook Air (13-inch, 8GB RAM, 256GB, 2020)",$420.00,+$23.21 shipping,2024-07-24 11:00:33.900026
"APPLE MACBOOK AIR 13.3"" 2017 I5 5350U 1.80GHZ 4GB RAM MQD32LLA NO HD",$119.97,+$15.95 shipping,2024-07-24 11:00:33.901764
"APPLE MACBOOK AIR MQKU3LL/A 15"" 8GB RAM, 256GB SSD, 8-CORE CPU (MVP020569)","$1,049.99",Free shipping,2024-07-24 11:00:33.903341
APPLE MACBOOK PRO A1990 2880X1800 I9-8950HK 500GB SSD 32GB RAM AMD GPU NO O.S,$599.98,Free shipping,2024-07-24 11:00:33.904878
APPLE MACBOOK PRO A2141 3072X1920 I9-9980HK 500GB SSD 16GB RAM AMD GPU NO O.S,$659.98,Free shipping,2024-07-24 11:00:33.906416
APPLE MACBOOK PRO A2141 3072X1920 I9-9980HK 500GB SSD 16GB RAM AMD GPU NO O.S,$599.98,Free shipping,2024-07-24 11:00:33.907939
APPLE MACBOOK PRO A2141 3072X1920 I9-9980HK 500GB SSD 16GB RAM AMD GPU NO O.S,$659.98,Free shipping,2024-07-24 11:00:33.909502
"2015 APPLE MACBOOK AIR 13"" LAPTOP MJVE2LL/A CORE I5 1.6GHZ 4GB RAM NO HD .",$83.97,+$15.95 shipping,2024-07-24 11:00:33.913573
"2024 Apple MacBook Air 13"" M3 8GB RAM 256GB SSD A3113 PPSDM (334256)",$949.99,Free shipping,2024-07-24 11:00:33.915103
2014 Apple MacBook Air A1466 i5-4260u 1.4GHz 8GB RAM 128GB SSD SN: C02P90V2G5RN,$125.00,+$15.00 shipping,2024-07-24 11:00:33.916687
Apple MacBook Pro A2159 EMC-3301 POWERS ON i5-8th Gen 8GB RAM No HDD No OS READ,$224.95,Free shipping,2024-07-24 11:00:33.918505
MACBOOK PRO A1286 intel Core 2 DUO CPU T9600 2.80GHz 4GB RAM NO HDD,$70.00,Free shipping,2024-07-24 11:00:33.920788
"APPLE MACBOOK PRO A1707 15"" i7 2.6GHz 2016 16GB 512GB -Refurbished Good",$380.94,Free shipping,2024-07-24 11:00:33.922802
"MACBOOK PRO 15"" LATE 1013 (DG) 2.3GHZ CORE I7-4850HQ 16GB RAM NO HD ,",$107.97,+$15.95 shipping,2024-07-24 11:00:33.927457
"Apple Macbook Pro i7  13"" 3.3 GHZ, A1706, 16GB, 512GB SSD Touch Bar Without Box",$399.00,Free shipping,2024-07-24 11:00:33.930859
(Lot of 2) Apple MacBook Air A1370 C2D SU9400 1.4GHz 2GB RAM (2010),$100.00,+$14.89 shipping,2024-07-24 11:00:33.932398
APPLE MACBOOK PRO A2141 3072X1920 I9-9980HK 500GB SSD 16GB RAM AMD GPU NO O.S,$599.98,Free shipping,2024-07-24 11:00:33.933968
"DELL LATITUDE 5410 14"" i5-10210U 1.60GHz 8GB  256GB  Grade C Low battery Health",$323.94,Free shipping,2024-07-24 11:00:33.935749
APPLE MACBOOK PRO A2251 2560X1600 CORE I5-1038NG7 500GB SSD 16GB RAM NO O.S,$389.98,Free shipping,2024-07-24 11:00:33.937303
"APPLE MACBOOK PRO MID-2014 15"" CORE I7-4870HQ 2.5GHZ 16GB RAM NO HD",$101.97,+$15.95 shipping,2024-07-24 11:00:33.939366
"MACBOOK AIR EARLY 2015 13"" CORE I5-5250U 1.6GHZ 4GB RAM NO HD",$92.97,+$15.95 shipping,2024-07-24 11:00:33.943430
APPLE MACBOOK PRO A1990 2880X1800 I9-9880H 1TB SSD 32GB RAM AMD GPU NO O.S,$649.98,Free shipping,2024-07-24 11:00:33.945145
Apple MacBook Air Model A1369 Core 2 Duo 4GB 256SSD 13.3inch,$90.77,+$21.78 shipping,2024-07-24 11:00:33.946735
Apple MacBook Air A1466 EMC-2925 NO BOOT i5-5th Gen 4GB RAM No HDD No OS READ,$99.95,+$39.85 shipping,2024-07-24 11:00:33.948666
NO BATTERY Apple MacBook Air A1304 Intel Core 2 Duo 1.86 GHz 2GB Ram 121GB HDD,$60.00,+$18.40 shipping,2024-07-24 11:00:33.952165
"APPLE MACBOOK AIR 13.3"" A1466 MD760LL/A 2014 LAPTOP I5-4260U 4GB RAM NO OS",$77.97,+$15.95 shipping,2024-07-24 11:00:33.953959
"2023 Apple MacBook Pro 14"" M3 Pro 4.0GHz 18GB RAM 1TB SSD Midnight A2992","$1,699.99",Free shipping,2024-07-24 11:00:33.956805
"Apple MacBook Pro (2018) 15.4"" Intel Core i7 16GB 512GB SSD MAC OS X",$499.99,Free shipping,2024-07-24 11:00:33.958548
"2015 APPLE MACBOOK AIR 13"" LAPTOP MJVE2LL/A CORE I5 1.6GHZ 4GB RAM NO HD ;",$77.97,+$15.95 shipping,2024-07-24 11:00:33.960330
"APPLE MACBOOK PRO LATE 2013 13"" CORE I5-4258U 2.4GHZ 8GB RAM NO HD",$83.97,+$15.95 shipping,2024-07-24 11:00:33.962133
APPLE MACBOOK PRO A2141 3072X1920 I9-9980HK 1TB SSD 32GB RAM AMD GPU NO O.S,$769.00,Free shipping,2024-07-24 11:00:33.963992
"Apple MacBook Air 13"" (2019) A1932 i5-8210Y 1.6GHz 8GB RAM 128GB SSD 202 cycles",$349.99,Free shipping,2024-07-24 11:00:33.965551
"2015 APPLE MACBOOK AIR 13"" LAPTOP MJVE2LL/A CORE I5 1.6GHZ 4GB RAM NO HD +",$71.97,+$15.95 shipping,2024-07-24 11:00:33.967270
"APPLE MACBOOK PRO A1989 13"" i5 2.4GHz 2019 8GB 256GB- Very Good Refurbished",$333.99,Free shipping,2024-07-24 11:00:33.968821
"APPLE MACBOOK PRO 2015 15"" CORE I7-4770HQ 2.2GHZ 8GB RAM NO HD /;",$113.97,+$15.95 shipping,2024-07-24 11:00:33.970870
"Apple MacBook Pro (2018) 15.4"" Laptop Intel i7 2.6GHz 16GB 512GB SSD MAC OS X",$399.99,Free shipping,2024-07-24 11:00:33.974496
"Laptop Tablets LG GPAD, Compaq Presario, iPad 1st 64GB, Dell Vostro Parts/Repair",$39.99,+$12.00 shipping,2024-07-24 11:00:33.976118
"2019 Apple MacBook Air 13"" i5 1.6GHz 8GB RAM 128GB SSD Silver A1932",$319.99,Free shipping,2024-07-24 11:00:33.979860
APPLE MACBOOK PRO A2251 2560X1600 CORE I5-1038NG7 500GB SSD 16GB RAM NO O.S,$379.00,Free shipping,2024-07-24 11:00:33.981525
APPLE MACBOOK PRO A2141 2019 i9 2.4GHz 2TB 64GB - Very Good Refurbished,"$1,140.94",Free shipping,2024-07-24 11:00:33.984394
"APPLE MACBOOK PRO 2015 15"" CORE I7-4770HQ 2.2GHZ 8GB RAM NO HD ,;",$89.97,+$15.95 shipping,2024-07-24 11:00:33.986717
"MACBOOK AIR 13"" MID 2013 1.3GHZ CORE I5-4250U 4GB RAM NO HD",$53.97,+$15.95 shipping,2024-07-24 11:00:33.988720
"APPLE MACBOOK PRO LATE 2013 15"" CORE I7-4850HQ 2.3GHZ 16GB RAM NO HD :",$113.97,+$15.95 shipping,2024-07-24 11:00:33.990776
"APPLE MACBOOK AIR CORE I5 1.6GHZ 4GB RAM 11"" MJVM2LL/A",$65.97,+$15.95 shipping,2024-07-24 11:00:33.994757
"Apple MacBook A1181 13"" Laptop Intel Core 2 Duo 2GHz 2GB OSX 10.7 160GB Hard D",$20.00,+$14.00 shipping,2024-07-24 11:00:33.996395
APPLE MACBOOK PRO A2141 3072X1920 I9-9980HK 1 TB SSD 32GB RAM AMD GPU NO O.S,$809.98,Free shipping,2024-07-24 11:00:33.997920
"MacBook Pro ""Core i5"" 2.3 13"" Mid-2017 2.3 GHz Core i5 (i5-7360U) 8GB RAM",$249.95,Free shipping,2024-07-24 11:00:33.999483
APPLE MACBOOK AIR A1466 INTEL CORE I5-5250U 1.60GHz 4GB RAM NO HDD,$279.99,Free shipping,2024-07-24 11:00:42.101755
APPLE MACBOOK AIR CORE I5 1.6GHZ 4GB RAM NO HD MJVM2LL/A,$53.97,+$15.95 shipping,2024-07-24 11:00:42.103471
"APPLE MACBOOK AIR A1466 2015 13"" 1.6GHz I5 4GB 128GB Grade C Low Battery Health",$140.59,Free shipping,2024-07-24 11:00:42.105162
"Apple MacBook Pro 13"" A1502 i5-4278U 2.6GHz 8GB RAM 128GB SSD MGX72LL/A",$249.00,+$24.46 shipping,2024-07-24 11:00:42.109378
"MACBOOK AIR MID 2013 13"" 1.3GHZ CORE I5-4250U 8GB RAM NO HD",$71.97,+$15.95 shipping,2024-07-24 11:00:42.111365
"APPLE MACBOOK PRO 15"" 2015 2.2GHZ INTEL I7 16GB RAM NO HDD",$209.97,+$15.95 shipping,2024-07-24 11:00:42.114190
"Apple Macintosh Macbook Pro A1278 13"" Display 1280x800 16GB/320GB El Capitan",$108.19,+$38.45 shipping,2024-07-24 11:00:42.115991
"APPLE MACBOOK 12"" EARLY 2016 CORE M3-6Y30 1.1GHZ 8GB RAM 256SSD",$174.95,+$15.95 shipping,2024-07-24 11:00:42.119318
"2015 APPLE MACBOOK AIR 13"" LAPTOP MJVE2LL/A CORE I5 1.6GHZ 4GB RAM NO HD *",$95.97,+$15.95 shipping,2024-07-24 11:00:42.121062
"MACBOOK AIR EALRY 2015 11"" CORE I5-5250U 1.6GHZ 4GB RAM NO HD ,",$89.97,+$15.95 shipping,2024-07-24 11:00:42.122813
"APPLE MACBOOK PRO 13"" MID-2017 CORE I5-7360U 2.3GHZ 8GB RAM NO HD 3",$219.95,+$15.95 shipping,2024-07-24 11:00:42.124372
APPLE MACBOOK PRO A2141 3072X1920 I9-9980HK 1 TB SSD 16GB RAM AMD GPU NO O.S,$609.98,Free shipping,2024-07-24 11:00:42.126156
"Apple Macbook Pro Core i7-3615QM 2.3ghz 13"" 2012 8GB RAM NO HD",$113.97,+$15.95 shipping,2024-07-24 11:00:42.127892
"APPLE MACBOOK PRO 16"" 2019 I7-9750H @2.6GHz 16GB 512GB AMD RADEON PRO 5300M NOAC",$499.95,Free shipping,2024-07-24 11:00:42.131310
"Apple Macbook Pro i7 13"" 2.8GHZ Quad Core, A1989, 16GB, 512GB SSD",$429.00,Free shipping,2024-07-24 11:00:42.132924
"2015 APPLE MACBOOK AIR 13"" LAPTOP MJVE2LL/A CORE I5 1.6GHZ 4GB RAM NO HD '",$95.97,+$15.95 shipping,2024-07-24 11:00:42.134662
Apple MacBook Air A1932 EMC-3184 NO BOOT i5-8th Gen 8GB RAM No HDD No OS READ,$174.95,Free shipping,2024-07-24 11:00:42.136472
APPLE MACBOOK PRO 13 IN RETINA 2.6GHZ CORE I5 8GB RAM NO SSD MGX72LL/A,$149.97,+$15.95 shipping,2024-07-24 11:00:42.138174
APPLE MACBOOK PRO A2251 2560X1600 CORE I5-1038NG7 500GB SSD 16GB RAM NO O.S,$399.00,Free shipping,2024-07-24 11:00:42.140590
"2014 APPLE MACBOOK AIR MD760LL/B CORE I5-4260U 1.4GHZ 128GB HD 4GB RAM"";",$83.97,+$14.95 shipping,2024-07-24 11:00:42.142369
"APPLE MACBOOK PRO 13"" LATE 2016 CORE I5-6360U 2.0GHZ 8GB RAM NO HD",$169.95,+$15.95 shipping,2024-07-24 11:00:42.143863
"APPLE MACBOOK PRO A1707 15"" i7 2.6GHz 2016 16GB 256GB-Very Good Refurbished",$371.44,Free shipping,2024-07-24 11:00:42.145565
APPLE MACBOOK PRO A1707 2880X1800 I7-7700HQ 500GB SSD 16GB RAM AMD GPU NO O.S,$389.98,Free shipping,2024-07-24 11:00:42.147049
"2015 APPLE MACBOOK AIR 13"" LAPTOP MJVE2LL/A CORE I5 1.6GHZ 4GB RAM NO HD *",$95.97,+$15.95 shipping,2024-07-24 11:00:42.148744
"MACBOOK PRO 13"" 2015 1.6GHZ CORE I5-5250U 8GB RAM NO HD",$101.97,+$15.95 shipping,2024-07-24 11:00:42.152071
Apple MacBook Pro MD101LL/A Intel Core i5-3210M X2 2.5GHz 4GB 500GB 13.3...,$99.00,+$11.66 shipping,2024-07-24 11:00:42.154460
2020 Apple MacBook Air 13-inch M1 Chip 8GB RAM 256GB SSD Rose Gold (E14001238),$619.99,+$10.51 shipping,2024-07-24 11:00:42.156332
"2015 APPLE MACBOOK AIR 13"" LAPTOP MJVE2LL/A CORE I5 1.6GHZ 4GB RAM 128GB HD/",$83.97,+$14.95 shipping,2024-07-24 11:00:42.158115
"MACBOOK AIR MID 2013 13"" 1.3GHZ CORE I5-4250U 8GB RAM NO HD ,",$71.97,+$15.95 shipping,2024-07-24 11:00:42.159837
"MacBook Pro ""Core i5"" 2.3 13* Mid-2017 2.3 GHz Core i5 (i5-7360U) 8GB RAM",$219.95,Free shipping,2024-07-24 11:00:42.161680
"APPLE MACBOOK PRO 2015 15"" CORE I7-4770HQ 2.2GHZ 8GB RAM NO HD .""",$113.97,+$15.95 shipping,2024-07-24 11:00:42.163373
Apple MacBook A1534 EMC-2746 BOOTS Intel Core M 8GB RAM No HDD No OS READ,$154.95,Free shipping,2024-07-24 11:00:42.166288
M1 Apple MacBook Pro 13” 256GB SSD/8GB RAM (MYD82LL/A),$600.00,+$9.32 shipping,2024-07-24 11:00:42.168143
APPLE MACBOOK PRO A2251 2560X1600 CORE I5-1038NG7 500GB SSD 16GB RAM NO O.S,$389.98,Free shipping,2024-07-24 11:00:42.169934
APPLE MACBOOK PRO 12.1/A1502 CORE I5-5257U 2.70GHz 8GB RAM 128GB SSD,$164.99,+$25.85 shipping,2024-07-24 11:00:42.171531
"APPLE MACBOOK PRO MID 2014 15"" CORE I7-4770HQ 2.2GHZ 16GB RAM NO HD ;",$131.97,+$15.95 shipping,2024-07-24 11:00:42.174897
"Apple MacBook Air 13"" 128GB SSD NO OS I5 1.6GHZ MJVE2LL/A 4GB RAM A1466/",$83.97,+$14.95 shipping,2024-07-24 11:00:42.176974
APPLE MACBOOK PRO A2141 3072X1920 I9-9980HK 500GB SSD 16GB RAM AMD GPU NO O.S,$599.98,Free shipping,2024-07-24 11:00:42.178483
"APPLE MACBOOK AIR 13"" MID 2013 INTEL CORE I5 1.3GHZ 4GB RAM DDR3 MD760LL/A",$59.97,+$15.95 shipping,2024-07-24 11:00:42.180188
APPLE MACBOOK PRO A2251 2560X1600 CORE I5-1038NG7 500GB SSD 16GB RAM NO O.S,$389.98,Free shipping,2024-07-24 11:00:42.181903
APPLE MACBOOK PRO A2141 3072X1920 I7-9750H 500GB SSD 16GB RAM AMD GPU NO O.S,$569.98,Free shipping,2024-07-24 11:00:42.184323
"Apple A1502 MacBook Pro 2015 13"" Intel i7-5557U 8GB CC 718 Fair No SSD",$149.99,Free shipping,2024-07-24 11:00:42.186730
"Apple iPad Pro 12.9"" 4th Gen MY3E2LL/A 128GB Space Gray Wifi + Cellular",$549.99,Free shipping,2024-07-24 11:00:42.189327
"2015 APPLE MACBOOK AIR 13"" LAPTOP MJVE2LL/A CORE I5 1.6GHZ 4GB RAM NO HD",$77.97,+$15.95 shipping,2024-07-24 11:00:42.191807
APPLE MACBOOK PRO A2141 3072X1920 I9-9880H 1TB SSD 16GB RAM AMD GPU NO O.S,$609.98,Free shipping,2024-07-24 11:00:42.193881
"APPLE MACBOOK PRO A1708 13"" i5 2.3GHz 8GB 256GB 2017-Good Refurbished",$295.44,Free shipping,2024-07-24 11:00:42.196081
"APPLE MACBOOK PRO 13"" EARLY 2015 CORE I5-5257U 2.7GHZ 8GB RAM NO HD",$83.97,+$15.95 shipping,2024-07-24 11:00:42.197809
Apple MacBook Pro A1278 i5-3210M 2.5GHz 4GB 240/250GB SSD,$150.00,+$14.35 shipping,2024-07-24 11:00:42.202959
APPLE MACBOOK PRO A2251 2560X1600 CORE I7-1068NG7 500GB SSD 16GB RAM NO O.S,$559.00,Free shipping,2024-07-24 11:00:42.204471
APPLE MACBOOK PRO A2251 2560X1600 CORE I5-1038NG7 500GB SSD 16GB RAM NO O.S,$379.00,Free shipping,2024-07-24 11:00:42.205969
APPLE MACBOOK PRO A2251 2560X1600 CORE I5-1038NG7 500GB SSD 16GB RAM NO O.S,$389.00,Free shipping,2024-07-24 11:00:42.207481
"APPLE MACBOOK AIR A1466 2015 13"" 1.6GHz I5 4GB 128GB-Refurbshied Excellent",$200.44,Free shipping,2024-07-24 11:00:42.209179
Apple MacBook Pro A1278 C2D P8600 2.4GHz 4GB 250GB HDD (High Sierra-2010),$90.00,+$14.89 shipping,2024-07-24 11:00:42.211291
"MacBook Air 13.3"" 8GB - 256GB -2020",$550.00,+$6.00 shipping,2024-07-24 11:00:42.216199
"APPLE MACBOOK PRO 13"" EARLY 2015 CORE I5-5257U 2.7GHZ 8GB RAM NO HD '",$107.97,+$15.95 shipping,2024-07-24 11:00:42.217912
"MacBook Pro ""Core i5"" 2.3 13"" Mid-2017 2.3 GHz Core i5 (i5-7360U) 8GB RAM",$219.95,Free shipping,2024-07-24 11:00:42.219429
"Apple Macbook Air 6,2 A1466 13"" i5-4260U 1.4Hz 4GB RAM 128GB SSD MacOS Catalina",$129.99,Free shipping,2024-07-24 11:00:42.227860
APPLE MACBOOK AIR 2015 CORE I5-5250U 1.6GHZ 4GB RAM NO HD *,$109.95,+$15.95 shipping,2024-07-24 11:00:42.229676
APPLE MACBOOK PRO A2141 3072X1920 I9-9980HK 1 TB SSD 16GB RAM AMD GPU NO O.S,$809.98,Free shipping,2024-07-24 11:00:42.231172
"APPLE MACBOOK 12"" EARLY 2016 CORE M3-6Y30 1.1GHZ 8GB RAM 256SSD NO OS",$309.95,+$15.95 shipping,2024-07-24 11:00:42.232968
APPLE MACBOOK PRO A2141 3072X1920 I9-9980HK 500GB SSD 16GB RAM AMD GPU NO O.S,$599.98,Free shipping,2024-07-24 11:00:42.234469
APPLE MACBOOK PRO A2141 3072X1920 I9-9980HK 500GB SSD 16GB RAM AMD GPU NO O.S,$599.98,Free shipping,2024-07-24 11:00:42.235964
"MacBook Pro 13.3"" I5-5257U 2.7GHz 8GB 256GB SSD MF840LL/A -MOTHERBOARD DEFECTIVE",$134.65,Free shipping,2024-07-24 11:00:42.237663
"APPLE MACBOOK PRO A2289 2020 13"" i5 1.40GHz 8GB 512GB SSD -Very Good Refurbished",$480.99,Free shipping,2024-07-24 11:00:42.239483
"APPLE MACBOOK PRO 13"" EARLY 2015 CORE I5-5257U 2.7GHZ 8GB RAM NO HD ~",$107.97,+$15.95 shipping,2024-07-24 11:00:42.243335
"APPLE  A1954      Apple A10 Fusion 2.3GHZ    2GB RAM    32GB STORAGE    9.7""",$134.99,Free shipping,2024-07-24 11:00:42.244834
"MacBook Pro A1502 13 Early 2015, 500GB SSD, 8GB RAM, 2.9GHz Intel Core i5",$141.74,+$24.99 shipping,2024-07-24 11:00:42.246530
APPLE MACBOOK PRO A2141 3072X1920 I9-9980HK 1 TB SSD 16GB RAM AMD GPU NO O.S,$809.98,Free shipping,2024-07-24 11:00:42.248020
"FOR PARTS 2008 15"" Apple MacBook Pro A1260 (T8300/2GB RAM/NO HDD)",$35.00,+$17.45 shipping,2024-07-24 11:00:42.249520
"173 cycle Apple MacBook Air 13"" 2020 Intel i5-10 8GB 512GB SSD A2179/MVH22LL/A",$423.99,Free shipping,2024-07-24 11:00:42.253135
"Apple MacBook Air 13.6"" Laptop Apple M2 chip 8GB Memory 512GB SSD Space Gray",$889.97,Free shipping,2024-07-24 11:00:42.255356
"MACBOOK AIR MID 2013 13"" 1.3GHZ CORE I5-4250U 8GB RAM NO HD",$71.97,+$15.95 shipping,2024-07-24 11:00:42.257048
APPLE MACBOOK AIR 2015 CORE I5-5250U 1.6GHZ 4GB RAM NO HD,$109.95,+$15.95 shipping,2024-07-24 11:00:42.259131
APPLE MACBOOK PRO A2251 2560X1600 CORE I5-1038NG7 500GB SSD 16GB RAM NO O.S,$389.98,Free shipping,2024-07-24 11:00:42.260920
"Apple Macbook Air Core i5 11"" Mid 2013 1.3GHZ Core i5 4GB RAM NO HD",$89.97,+$15.95 shipping,2024-07-24 11:00:42.262913
"Apple Macbook Pro 2021 A2485 16in M1 Pro 16GB RAM 512GB SSD 16"" 3456x2234 +AC","$1,149.95",Free shipping,2024-07-24 11:00:42.264412
"Apple MacBook Pro 2012 15.4"" Laptop Core i7 1.90 GHz 16 GB 512 GB SSD MAC OS X",$269.99,Free shipping,2024-07-24 11:00:42.266096
"MACBOOK PRO 15"" LATE 2013 2.0GHZ CORE I7-4750HQ 8GB RAM NO HD '",$113.97,+$15.95 shipping,2024-07-24 11:00:42.267794
"Apple MacBook Pro A2251 2020 13"" Core i5 2.0GHz 16GB RAM 512GB SSD 25 Cycles",$467.49,+$25.00 shipping,2024-07-24 11:00:42.269485
"APPLE MACBOOK AIR 13.3"" 2017 INTEL CORE I5-5350U 1.80GHZ 4GB RAM MQD32LL/A",$89.97,+$15.95 shipping,2024-07-24 11:00:42.271175
"APPLE MACBOOK 12"" EARLY 2016 CORE M3-6Y30 1.1GHZ 8GB RAM 256SSD NO OS",$179.95,+$15.95 shipping,2024-07-24 11:00:50.499744
"Apple 13.3"" Macbook Air I5-5350U 1.8 GHz 8 128GB SSD Silver - Scratch & Dent",$212.98,Free shipping,2024-07-24 11:00:50.502282
APPLE MACBOOK AIR 2017 CORE I5-5350U 1.8GHZ 8GB RAM NO HD,$119.95,+$15.95 shipping,2024-07-24 11:00:50.504084
"FOR PARTS 2006 15.4"" Apple MacBook Pro A1211 (T7400/4GB RAM/NO HDD)",$30.00,+$17.45 shipping,2024-07-24 11:00:50.505605
"APPLE MACBOOK AIR 11"" 2013 1.3GHZ CORE I5-4260U 4GB RAM MD711LL/A NO HD",$53.97,+$15.95 shipping,2024-07-24 11:00:50.511284
"Apple MacBook Air (13-inch, 8GB RAM, 256GB, 2020, Space Gray) W/ 3yrs Apple Care",$950.00,+$23.21 shipping,2024-07-24 11:00:50.515347
APPLE MACBOOK PRO A2141 3072X1920 I9-9980HK 1TB SSD 16GB RAM AMD GPU NO O.S,$809.98,Free shipping,2024-07-24 11:00:50.517129
"APPLE MACBOOK AIR 13"" MID 2013 INTEL CORE I5 1.3GHZ 4GB RAM DDR3 MD760LL/A:",$59.97,+$15.95 shipping,2024-07-24 11:00:50.518830
"Broken 2010 Apple MacBook Pro 13.3"" P8600 2.4GHz 4GB RAM 250GB HDD MC374LL/A",$38.99,Free shipping,2024-07-24 11:00:50.520645
APPLE MACBOOK PRO A2141 3072X1920 I9-9980HK 1TB SSD 16GB RAM AMD GPU NO O.S,$699.00,Free shipping,2024-07-24 11:00:50.522145
Apple MacBook Air MD760LL/B I CORE I5-4260U 1.4GHZ 128GB 4GB RAM NO OS ++,$83.97,+$14.95 shipping,2024-07-24 11:00:50.523941
"APPLE MACBOOK PRO 2015 15"" CORE I7-4770HQ 2.2GHZ 8GB RAM NO HD ..",$89.97,+$15.95 shipping,2024-07-24 11:00:50.525649
APPLE MACBOOK AIR A1466  INTEL CORE I5-5250U 1.60GHz 4GB RAM 128GB SSD,$149.99,Free shipping,2024-07-24 11:00:50.527147
"Macbook Air 11.6"" Ratina A1406 IntelCore i5- 1.7Ghz, 8GB, logic board 820-3208-A",$43.95,+$12.95 shipping,2024-07-24 11:00:50.529893
"MACBOOK AIR 13"" 2017 1.8GHZ CORE I5-5350U 8GB RAM NO HD",$71.97,+$15.95 shipping,2024-07-24 11:00:50.531612
APPLE MACBOOK PRO A2141 3072X1920 I9-9980HK 1TB SSD 16GB RAM AMD GPU NO O.S,$649.00,Free shipping,2024-07-24 11:00:50.533399
APPLE MACBOOK PRO A2141 3072X1920 I9-9980HK 500GB SSD 16GB RAM AMD GPU NO O.S,$599.98,Free shipping,2024-07-24 11:00:50.534894
"APPLE MACBOOK AIR 2012 13"" CORE I5-3317U 1.7GHZ 4GB RAM NO HD",$71.97,+$15.95 shipping,2024-07-24 11:00:50.536595
"APPLE MACBOOK AIR 11"" EARLY 2015 CORE I5-5250U 1.6GHZ 4GB RAM NO HD",$89.97,+$15.95 shipping,2024-07-24 11:00:50.542180
"Apple Macbook Air Core i5 11"" Mid 2013 1.3GHZ Core i5 4GB RAM NO HD _",$89.97,+$15.95 shipping,2024-07-24 11:00:50.543888
"Apple A1707 MacBook Pro 15.4"" 2016 Intel i7-16GB 500GB SSD Parts-bad screen-FS",$279.95,Free shipping,2024-07-24 11:00:50.547407
"APPLE MACBOOK AIR A1466 2015 13"" 1.6GHz I5 8GB 128GB-Very Good  Refurbished",$200.44,Free shipping,2024-07-24 11:00:50.549392
"APPLE MACBOOK PRO 13"" EARLY 2015 CORE I5-5257U 2.7GHZ 8GB RAM NO HD",$125.97,+$15.95 shipping,2024-07-24 11:00:50.552912
Apple iPad 8th Gen 32GB Space Gray Wi-Fi 3YL92LL/A,$285.00,Free shipping,2024-07-24 11:00:50.554491
"Apple A1466 MacBook Air 2015 13"" Intel i7-5650U 8GB 256GB SSD Bright Spots",$129.99,Free shipping,2024-07-24 11:00:50.555980
"Apple MacBook Pro Core i7 2.2GHZ 16GB RAM NO SSD 15"" MGXA2LL/A",$119.97,+$15.95 shipping,2024-07-24 11:00:50.557958
"124 cycle Apple MacBook Air 13"" 2020 A2179 i3-1000NG4 8GB 256GB SSD Retina Iris",$395.99,Free shipping,2024-07-24 11:00:50.559491
"Apple MacBook Air 13"" Laptop MJVE2LL/A Core i5 1.6GHZ 4GB RAM 128GB NO OS",$83.97,+$14.95 shipping,2024-07-24 11:00:50.561860
"Apple MacBook Air 13"" Laptop MJVE2LL/A Core i5 1.6GHZ 4GB RAM 128GB NO OS",$83.97,+$14.95 shipping,2024-07-24 11:00:50.563775
2014 APPLE MACBOOK AIR MD760LL/B CORE I5-4260U 1.4GHZ 128GB HD 4GB RAM/,$83.97,+$14.95 shipping,2024-07-24 11:00:50.566146
"APPLE MACBOOK PRO A2289 2020 13"" i5 1.4GHz 16GB 256GB GRADE D",$455.04,Free shipping,2024-07-24 11:00:50.570861
"Apple Certified MacBook Air 13"" 2022 (M2 Chip, 1TB SSD, 16GB RAM) Midnight","$1,499.00",+$20.00 shipping,2024-07-24 11:00:50.572611
APPLE MACBOOK PRO A1990 2880X1800 I9-9880H 1TB SSD 32GB RAM AMD GPU NO O.S,$649.98,Free shipping,2024-07-24 11:00:50.574157
"Apple Macbook Pro 2021 A2485 16in M1 Pro 16GB RAM 512GB SSD 16"" 3456x2234","$1,149.95",Free shipping,2024-07-24 11:00:50.575708
"FOR PARTS 2009 15"" Apple MacBook Pro A1286 (T9600/2.8 GHz/2GB RAM)",$40.00,+$17.45 shipping,2024-07-24 11:00:50.577550
"APPLE MACBOOK AIR 13"" 2017 CORE I5-5350U 1.8GHZ 8GB RAM NO HD",$77.97,+$15.95 shipping,2024-07-24 11:00:50.579713
"APPLE MACBOOK AIR 13.3"" 2017 I5-5350U 1.8GHZ 4GB RAM MQD32LL/A NO HD",$89.97,+$14.95 shipping,2024-07-24 11:00:50.581572
"2022 APPLE MACBOOK AIR MLY33LL/A Apple M2 chip with 8‑core CPU, 8‑core GPU 256GB",$999.95,+$24.95 shipping,2024-07-24 11:00:50.583889
"Apple 13"" MacBook Air 2019 MVFK2LL/A 128GB SSD Intel Core i5 8th Gen 8GB 2019",$399.99,+$24.99 shipping,2024-07-24 11:00:50.587038
APPLE MACBOOK PRO A2141 3072X1920 I9-9880H 1TB SSD 32GB RAM AMD GPU NO O.S,$809.98,Free shipping,2024-07-24 11:00:50.588603
"APPLE MACBOOK PRO 13"" MID-2017 CORE I5-7360U 2.3GHZ 8GB RAM NO HD '",$169.95,+$15.95 shipping,2024-07-24 11:00:50.590426
APPLE MACBOOK PRO A1990 2880X1800 I9-9880H 1TB SSD 32GB RAM AMD GPU NO O.S/A,$709.98,Free shipping,2024-07-24 11:00:50.592235
"APPLE MACBOOK PRO 13"" MID-2017 CORE I5-7360U 2.3GHZ 8GB RAM NO HD '",$169.95,+$15.95 shipping,2024-07-24 11:00:50.593730
APPLE MACBOOK PRO A2251 2560X1600 CORE I5-1038NG7 500GB SSD 16GB RAM NO O.S,$459.00,Free shipping,2024-07-24 11:00:50.595249
"MACBOOK AIR MID-2013 11"" CORE I5-4250U 1.3GHZ 4GB RAM NO HD",$71.97,+$15.95 shipping,2024-07-24 11:00:50.596971
"APPLE MACBOOK PRO 13"" MID-2017 CORE I5-7360U 2.3GHZ 8GB RAM NO HD 9",$174.95,+$15.95 shipping,2024-07-24 11:00:50.598502
2013 MACBOOK PRO 13 QUAD-CORE I7 2.6GHZ 8GB RAM NO SSD,$69.95,+$15.95 shipping,2024-07-24 11:00:50.600072
"Apple MacBook Air 13"" Core i7 2.2 GHz 8GB RAM 250GB SSD Early 2015",$209.00,+$25.00 shipping,2024-07-24 11:00:50.602055
"Apple Macbook Air 2017 i5-5350U 1.8GHZ 13"" 8GB RAM NO HD)",$74.97,+$15.95 shipping,2024-07-24 11:00:50.603776
"APPLE MacBook PRO A1150 - 15"" 2.0GHz Intel Core Duo / 1GB/256MB VRAM/100GB",$169.99,+$45.30 shipping,2024-07-24 11:00:50.607170
"APPLE MACBOOK PRO 13"" EARLY 2015 CORE I5-5257U 2.7GHZ 8GB RAM NO HD .",$107.97,+$15.95 shipping,2024-07-24 11:00:50.608902
"APPLE MACBOOK PRO 13"" MID-2017 CORE I5-7360U 2.3GHZ 8GB RAM NO HD 6",$259.95,+$15.95 shipping,2024-07-24 11:00:50.610405
"~ (Nice) Apple MacBook a1181 13.3"" Laptop, intel C2D 2.4GHz, 5GB RAM, 160GB HDD",$88.72,+$21.05 shipping,2024-07-24 11:00:50.612377
"New ListingApple MacBook Pro Retina 15"" 6-Core Intel Core i7 2.6GHz 16GB RAM 500GB SSD 2018",$349.00,+$25.00 shipping,2024-07-24 11:00:50.614659
"Apple Macbook Pro 13.3"" (2017) Intel Core i5 3.10 GHz 8GB Ram 256GB SSD MAC OS X",$659.99,Free shipping,2024-07-24 11:00:50.616983
"Apple Macbook Pro i7  13"" 3.3 GHZ, A1706, 16GB, 512GB SSD Touch Bar Without Box",$449.00,Free shipping,2024-07-24 11:00:50.618594
"Apple 2020 MacBook Air 13"" (256GB SSD, M1, 8GB) Space Gray - MGN63LL (PD7007628)",$489.99,+$25.00 shipping,2024-07-24 11:00:50.621253
"APPLE MACBOOK AIR 11"" EARLY 2015 CORE I5-5250U 1.6GHZ 4GB RAM NO HD /",$89.97,+$15.95 shipping,2024-07-24 11:00:50.622992
"APPLE MACBOOK AIR 11"" EARLY 2015 CORE I5-5250U 1.6GHZ 4GB RAM NO HD ,",$89.97,+$15.95 shipping,2024-07-24 11:00:50.624716
Macbook Pro/13inch/Early 2015/2.7 Intel i5/8GB Ram/Intel Iris 6100/121GB SSD,$150.00,+$18.25 shipping,2024-07-24 11:00:50.626519
"Apple MacBook Pro 13"" A1278 (Mid 2012) - Core i5 2.5GHz, 8GB RAM, 256GB SSD",$299.00,+$20.00 shipping,2024-07-24 11:00:50.630191
APPLE MACBOOK PRO A2141 3072X1920 I9-9980HK 1 TB SSD 16GB RAM AMD GPU NO O.S,$809.98,Free shipping,2024-07-24 11:00:50.632016
"APPLE MACBOOK PRO 13"" MID-2017 CORE I5-7360U 2.3GHZ 8GB RAM NO HD 5",$179.95,+$15.95 shipping,2024-07-24 11:00:50.633540
"APPLE MACBOOK PRO 13"" EARLY 2015 CORE I5-5257U 2.7GHZ 8GB RAM NO HD +",$104.97,+$15.95 shipping,2024-07-24 11:00:50.635266
"APPLE MACBOOK AIR 11"" EARLY 2015 CORE I5-5250U 1.6GHZ 4GB RAM NO HD .",$89.97,+$15.95 shipping,2024-07-24 11:00:50.637564
"APPLE MACBOOK AIR 13.3"" 2017 INTEL CORE I5-5350U 1.80GHZ 4GB RAM MQD32LL/A",$149.97,+$15.95 shipping,2024-07-24 11:00:50.639292
"APPLE MACBOOK AIR 2013 13"" CORE I5-4250U 1.3GHZ 4GB RAM NO HD ~",$77.97,+$15.95 shipping,2024-07-24 11:00:50.640989
APPLE MACBOOK PRO A2251 2560X1600 CORE I5-1038NG7 500GB SSD 16GB RAM NO O.S,$389.98,Free shipping,2024-07-24 11:00:50.642497
"Apple MacBook Pro 13.3"" - Mid 2012 Model A1278 MD101LL/A 2.5 GHz 4GB Used",$149.99,+$23.21 shipping,2024-07-24 11:00:50.646530
Apple Macbook Pro 2023 A2780 16in M2 Pro 16GB RAM 512GB SSD Sonoma,"$1,690.99",Free shipping,2024-07-24 11:00:50.648328
Apple iPad Air 2 a1567 16GB Gold Tablet WiFi + 4G Locked ONLY For PARTS,$53.10,+$8.72 shipping,2024-07-24 11:00:50.653091
"APPLE MACBOOK PRO LAPTOP CORE I7 2.3GHZ 8GB RAM NO SSD 15"" MC975LL/A",$107.97,+$15.95 shipping,2024-07-24 11:00:50.655087
